subject,run,condition,configuration_id,window_length_sec,step_size_sec,outer_window_overlap_fraction,welch_segment_count,window_index,window_start_sec,window_end_sec,window_center_sec,start_sample,stop_sample,n_samples,feature_name,feature_unit,posterior_alpha_mean_psd
1,1,baseline_eyes_open,win-2s_step-1s,2.0,1.0,0.5,3,0,0.0,2.0,1.0,0,320,320,posterior_alpha_mean_psd,V^2/Hz,7.309492750606161e-11
1,1,baseline_eyes_open,win-2s_step-1s,2.0,1.0,0.5,3,1,1.0,3.0,2.0,160,480,320,posterior_alpha_mean_psd,V^2/Hz,2.842361454802004e-11
1,1,baseline_eyes_open,win-2s_step-1s,2.0,1.0,0.5,3,2,2.0,4.0,3.0,320,640,320,posterior_alpha_mean_psd,V^2/Hz,2.8152674949028582e-11
1,1,baseline_eyes_open,win-2s_step-1s,2.0,1.0,0.5,3,3,3.0,5.0,4.0,480,800,320,posterior_alpha_mean_psd,V^2/Hz,1.590229267465739e-11
1,1,baseline_eyes_open,win-2s_step-1s,2.0,1.0,0.5,3,4,4.0,6.0,5.0,640,960,320,posterior_alpha_mean_psd,V^2/Hz,2.1689787465987362e-11
1,1,baseline_eyes_open,win-2s_step-1s,2.0,1.0,0.5,3,5,5.0,7.0,6.0,800,1120,320,posterior_alpha_mean_psd,V^2/Hz,2.6266339346213654e-11
1,1,baseline_eyes_open,win-2s_step-1s,2.0,1.0,0.5,3,6,6.0,8.0,7.0,960,1280,320,posterior_alpha_mean_psd,V^2/Hz,3.1123521575349794e-11
1,1,baseline_eyes_open,win-2s_step-1s,2.0,1.0,0.5,3,7,7.0,9.0,8.0,1120,1440,320,posterior_alpha_mean_psd,V^2/Hz,2.7531517007287995e-11
1,1,baseline_eyes_open,win-2s_step-1s,2.0,1.0,0.5,3,8,8.0,10.0,9.0,1280,1600,320,posterior_alpha_mean_psd,V^2/Hz,2.4401089793044623e-11
1,1,baseline_eyes_open,win-2s_step-1s,2.0,1.0,0.5,3,9,9.0,11.0,10.0,1440,1760,320,posterior_alpha_mean_psd,V^2/Hz,3.217606603905354e-11
1,1,baseline_eyes_open,win-2s_step-1s,2.0,1.0,0.5,3,10,10.0,12.0,11.0,1600,1920,320,posterior_alpha_mean_psd,V^2/Hz,2.8729685946630585e-11
1,1,baseline_eyes_open,win-2s_step-1s,2.0,1.0,0.5,3,11,11.0,13.0,12.0,1760,2080,320,posterior_alpha_mean_psd,V^2/Hz,3.913282319334165e-11
1,1,baseline_eyes_open,win-2s_step-1s,2.0,1.0,0.5,3,12,12.0,14.0,13.0,1920,2240,320,posterior_alpha_mean_psd,V^2/Hz,3.113363468015894e-11
1,1,baseline_eyes_open,win-2s_step-1s,2.0,1.0,0.5,3,13,13.0,15.0,14.0,2080,2400,320,posterior_alpha_mean_psd,V^2/Hz,6.312923015250507e-11
1,1,baseline_eyes_open,win-2s_step-1s,2.0,1.0,0.5,3,14,14.0,16.0,15.0,2240,2560,320,posterior_alpha_mean_psd,V^2/Hz,3.252209914943961e-11
1,1,baseline_eyes_open,win-2s_step-1s,2.0,1.0,0.5,3,15,15.0,17.0,16.0,2400,2720,320,posterior_alpha_mean_psd,V^2/Hz,4.6172086432683046e-11
1,1,baseline_eyes_open,win-2s_step-1s,2.0,1.0,0.5,3,16,16.0,18.0,17.0,2560,2880,320,posterior_alpha_mean_psd,V^2/Hz,5.304498565775396e-11
1,1,baseline_eyes_open,win-2s_step-1s,2.0,1.0,0.5,3,17,17.0,19.0,18.0,2720,3040,320,posterior_alpha_mean_psd,V^2/Hz,3.8094308589888325e-11
1,1,baseline_eyes_open,win-2s_step-1s,2.0,1.0,0.5,3,18,18.0,20.0,19.0,2880,3200,320,posterior_alpha_mean_psd,V^2/Hz,4.6590219490905115e-11
1,1,baseline_eyes_open,win-2s_step-1s,2.0,1.0,0.5,3,19,19.0,21.0,20.0,3040,3360,320,posterior_alpha_mean_psd,V^2/Hz,4.507227917455705e-11
1,1,baseline_eyes_open,win-2s_step-1s,2.0,1.0,0.5,3,20,20.0,22.0,21.0,3200,3520,320,posterior_alpha_mean_psd,V^2/Hz,3.57952984169865e-11
1,1,baseline_eyes_open,win-2s_step-1s,2.0,1.0,0.5,3,21,21.0,23.0,22.0,3360,3680,320,posterior_alpha_mean_psd,V^2/Hz,2.839834363181843e-11
1,1,baseline_eyes_open,win-2s_step-1s,2.0,1.0,0.5,3,22,22.0,24.0,23.0,3520,3840,320,posterior_alpha_mean_psd,V^2/Hz,3.5028042079973393e-11
1,1,baseline_eyes_open,win-2s_step-1s,2.0,1.0,0.5,3,23,23.0,25.0,24.0,3680,4000,320,posterior_alpha_mean_psd,V^2/Hz,3.958809706351897e-11
1,1,baseline_eyes_open,win-2s_step-1s,2.0,1.0,0.5,3,24,24.0,26.0,25.0,3840,4160,320,posterior_alpha_mean_psd,V^2/Hz,2.2324590666677288e-10
1,1,baseline_eyes_open,win-2s_step-1s,2.0,1.0,0.5,3,25,25.0,27.0,26.0,4000,4320,320,posterior_alpha_mean_psd,V^2/Hz,2.416687051052461e-11
1,1,baseline_eyes_open,win-2s_step-1s,2.0,1.0,0.5,3,26,26.0,28.0,27.0,4160,4480,320,posterior_alpha_mean_psd,V^2/Hz,5.6201174431403715e-11
1,1,baseline_eyes_open,win-2s_step-1s,2.0,1.0,0.5,3,27,27.0,29.0,28.0,4320,4640,320,posterior_alpha_mean_psd,V^2/Hz,4.971198902653748e-11
1,1,baseline_eyes_open,win-2s_step-1s,2.0,1.0,0.5,3,28,28.0,30.0,29.0,4480,4800,320,posterior_alpha_mean_psd,V^2/Hz,7.183756823186374e-11
1,1,baseline_eyes_open,win-2s_step-1s,2.0,1.0,0.5,3,29,29.0,31.0,30.0,4640,4960,320,posterior_alpha_mean_psd,V^2/Hz,4.0424785399486726e-11
1,1,baseline_eyes_open,win-2s_step-1s,2.0,1.0,0.5,3,30,30.0,32.0,31.0,4800,5120,320,posterior_alpha_mean_psd,V^2/Hz,4.227431001468556e-11
1,1,baseline_eyes_open,win-2s_step-1s,2.0,1.0,0.5,3,31,31.0,33.0,32.0,4960,5280,320,posterior_alpha_mean_psd,V^2/Hz,2.7761397495850796e-11
1,1,baseline_eyes_open,win-2s_step-1s,2.0,1.0,0.5,3,32,32.0,34.0,33.0,5120,5440,320,posterior_alpha_mean_psd,V^2/Hz,3.996241005951425e-11
1,1,baseline_eyes_open,win-2s_step-1s,2.0,1.0,0.5,3,33,33.0,35.0,34.0,5280,5600,320,posterior_alpha_mean_psd,V^2/Hz,2.265024619992237e-11
1,1,baseline_eyes_open,win-2s_step-1s,2.0,1.0,0.5,3,34,34.0,36.0,35.0,5440,5760,320,posterior_alpha_mean_psd,V^2/Hz,2.5048212188368973e-11
1,1,baseline_eyes_open,win-2s_step-1s,2.0,1.0,0.5,3,35,35.0,37.0,36.0,5600,5920,320,posterior_alpha_mean_psd,V^2/Hz,2.904383151105703e-11
1,1,baseline_eyes_open,win-2s_step-1s,2.0,1.0,0.5,3,36,36.0,38.0,37.0,5760,6080,320,posterior_alpha_mean_psd,V^2/Hz,3.194172801537068e-11
1,1,baseline_eyes_open,win-2s_step-1s,2.0,1.0,0.5,3,37,37.0,39.0,38.0,5920,6240,320,posterior_alpha_mean_psd,V^2/Hz,4.85045374499518e-11
1,1,baseline_eyes_open,win-2s_step-1s,2.0,1.0,0.5,3,38,38.0,40.0,39.0,6080,6400,320,posterior_alpha_mean_psd,V^2/Hz,8.266677780804465e-11
1,1,baseline_eyes_open,win-2s_step-1s,2.0,1.0,0.5,3,39,39.0,41.0,40.0,6240,6560,320,posterior_alpha_mean_psd,V^2/Hz,4.228726778557154e-11
1,1,baseline_eyes_open,win-2s_step-1s,2.0,1.0,0.5,3,40,40.0,42.0,41.0,6400,6720,320,posterior_alpha_mean_psd,V^2/Hz,7.570607472829475e-11
1,1,baseline_eyes_open,win-2s_step-1s,2.0,1.0,0.5,3,41,41.0,43.0,42.0,6560,6880,320,posterior_alpha_mean_psd,V^2/Hz,4.013248301385884e-11
1,1,baseline_eyes_open,win-2s_step-1s,2.0,1.0,0.5,3,42,42.0,44.0,43.0,6720,7040,320,posterior_alpha_mean_psd,V^2/Hz,4.425320605324195e-11
1,1,baseline_eyes_open,win-2s_step-1s,2.0,1.0,0.5,3,43,43.0,45.0,44.0,6880,7200,320,posterior_alpha_mean_psd,V^2/Hz,4.713757801700253e-11
1,1,baseline_eyes_open,win-2s_step-1s,2.0,1.0,0.5,3,44,44.0,46.0,45.0,7040,7360,320,posterior_alpha_mean_psd,V^2/Hz,6.55935563093422e-11
1,1,baseline_eyes_open,win-2s_step-1s,2.0,1.0,0.5,3,45,45.0,47.0,46.0,7200,7520,320,posterior_alpha_mean_psd,V^2/Hz,8.604468211491684e-11
1,1,baseline_eyes_open,win-2s_step-1s,2.0,1.0,0.5,3,46,46.0,48.0,47.0,7360,7680,320,posterior_alpha_mean_psd,V^2/Hz,8.304990547928864e-11
1,1,baseline_eyes_open,win-2s_step-1s,2.0,1.0,0.5,3,47,47.0,49.0,48.0,7520,7840,320,posterior_alpha_mean_psd,V^2/Hz,6.617174811957063e-11
1,1,baseline_eyes_open,win-2s_step-1s,2.0,1.0,0.5,3,48,48.0,50.0,49.0,7680,8000,320,posterior_alpha_mean_psd,V^2/Hz,4.2721571244968043e-11
1,1,baseline_eyes_open,win-2s_step-1s,2.0,1.0,0.5,3,49,49.0,51.0,50.0,7840,8160,320,posterior_alpha_mean_psd,V^2/Hz,4.194756380159449e-11
1,1,baseline_eyes_open,win-2s_step-1s,2.0,1.0,0.5,3,50,50.0,52.0,51.0,8000,8320,320,posterior_alpha_mean_psd,V^2/Hz,2.7317217286231865e-11
1,1,baseline_eyes_open,win-2s_step-1s,2.0,1.0,0.5,3,51,51.0,53.0,52.0,8160,8480,320,posterior_alpha_mean_psd,V^2/Hz,2.6730030422966533e-11
1,1,baseline_eyes_open,win-2s_step-1s,2.0,1.0,0.5,3,52,52.0,54.0,53.0,8320,8640,320,posterior_alpha_mean_psd,V^2/Hz,1.7898612093770963e-11
1,1,baseline_eyes_open,win-2s_step-1s,2.0,1.0,0.5,3,53,53.0,55.0,54.0,8480,8800,320,posterior_alpha_mean_psd,V^2/Hz,2.3450505677582405e-11
1,1,baseline_eyes_open,win-2s_step-1s,2.0,1.0,0.5,3,54,54.0,56.0,55.0,8640,8960,320,posterior_alpha_mean_psd,V^2/Hz,3.009575341874941e-11
1,1,baseline_eyes_open,win-2s_step-1s,2.0,1.0,0.5,3,55,55.0,57.0,56.0,8800,9120,320,posterior_alpha_mean_psd,V^2/Hz,4.7055729043029044e-11
1,1,baseline_eyes_open,win-2s_step-1s,2.0,1.0,0.5,3,56,56.0,58.0,57.0,8960,9280,320,posterior_alpha_mean_psd,V^2/Hz,4.783569606609416e-11
1,1,baseline_eyes_open,win-2s_step-1s,2.0,1.0,0.5,3,57,57.0,59.0,58.0,9120,9440,320,posterior_alpha_mean_psd,V^2/Hz,4.811581427883332e-11
1,1,baseline_eyes_open,win-2s_step-1s,2.0,1.0,0.5,3,58,58.0,60.0,59.0,9280,9600,320,posterior_alpha_mean_psd,V^2/Hz,5.843671409417565e-11
1,2,baseline_eyes_closed,win-2s_step-1s,2.0,1.0,0.5,3,0,0.0,2.0,1.0,0,320,320,posterior_alpha_mean_psd,V^2/Hz,4.2916755355036793e-10
1,2,baseline_eyes_closed,win-2s_step-1s,2.0,1.0,0.5,3,1,1.0,3.0,2.0,160,480,320,posterior_alpha_mean_psd,V^2/Hz,5.876672829757239e-10
1,2,baseline_eyes_closed,win-2s_step-1s,2.0,1.0,0.5,3,2,2.0,4.0,3.0,320,640,320,posterior_alpha_mean_psd,V^2/Hz,2.5595067105345723e-10
1,2,baseline_eyes_closed,win-2s_step-1s,2.0,1.0,0.5,3,3,3.0,5.0,4.0,480,800,320,posterior_alpha_mean_psd,V^2/Hz,3.621692447822475e-10
1,2,baseline_eyes_closed,win-2s_step-1s,2.0,1.0,0.5,3,4,4.0,6.0,5.0,640,960,320,posterior_alpha_mean_psd,V^2/Hz,1.604935123900181e-10
1,2,baseline_eyes_closed,win-2s_step-1s,2.0,1.0,0.5,3,5,5.0,7.0,6.0,800,1120,320,posterior_alpha_mean_psd,V^2/Hz,2.1305056869483822e-10
1,2,baseline_eyes_closed,win-2s_step-1s,2.0,1.0,0.5,3,6,6.0,8.0,7.0,960,1280,320,posterior_alpha_mean_psd,V^2/Hz,2.496702511753018e-10
1,2,baseline_eyes_closed,win-2s_step-1s,2.0,1.0,0.5,3,7,7.0,9.0,8.0,1120,1440,320,posterior_alpha_mean_psd,V^2/Hz,2.3875301618418144e-10
1,2,baseline_eyes_closed,win-2s_step-1s,2.0,1.0,0.5,3,8,8.0,10.0,9.0,1280,1600,320,posterior_alpha_mean_psd,V^2/Hz,4.064612839407884e-10
1,2,baseline_eyes_closed,win-2s_step-1s,2.0,1.0,0.5,3,9,9.0,11.0,10.0,1440,1760,320,posterior_alpha_mean_psd,V^2/Hz,3.0624414851171974e-10
1,2,baseline_eyes_closed,win-2s_step-1s,2.0,1.0,0.5,3,10,10.0,12.0,11.0,1600,1920,320,posterior_alpha_mean_psd,V^2/Hz,3.91968184503194e-10
1,2,baseline_eyes_closed,win-2s_step-1s,2.0,1.0,0.5,3,11,11.0,13.0,12.0,1760,2080,320,posterior_alpha_mean_psd,V^2/Hz,6.143468310832277e-10
1,2,baseline_eyes_closed,win-2s_step-1s,2.0,1.0,0.5,3,12,12.0,14.0,13.0,1920,2240,320,posterior_alpha_mean_psd,V^2/Hz,3.291174458083052e-10
1,2,baseline_eyes_closed,win-2s_step-1s,2.0,1.0,0.5,3,13,13.0,15.0,14.0,2080,2400,320,posterior_alpha_mean_psd,V^2/Hz,3.071999719849245e-10
1,2,baseline_eyes_closed,win-2s_step-1s,2.0,1.0,0.5,3,14,14.0,16.0,15.0,2240,2560,320,posterior_alpha_mean_psd,V^2/Hz,4.57740031650973e-10
1,2,baseline_eyes_closed,win-2s_step-1s,2.0,1.0,0.5,3,15,15.0,17.0,16.0,2400,2720,320,posterior_alpha_mean_psd,V^2/Hz,3.165693846654092e-10
1,2,baseline_eyes_closed,win-2s_step-1s,2.0,1.0,0.5,3,16,16.0,18.0,17.0,2560,2880,320,posterior_alpha_mean_psd,V^2/Hz,4.0801593611763825e-10
1,2,baseline_eyes_closed,win-2s_step-1s,2.0,1.0,0.5,3,17,17.0,19.0,18.0,2720,3040,320,posterior_alpha_mean_psd,V^2/Hz,2.7267030714894695e-10
1,2,baseline_eyes_closed,win-2s_step-1s,2.0,1.0,0.5,3,18,18.0,20.0,19.0,2880,3200,320,posterior_alpha_mean_psd,V^2/Hz,4.837383549996996e-10
1,2,baseline_eyes_closed,win-2s_step-1s,2.0,1.0,0.5,3,19,19.0,21.0,20.0,3040,3360,320,posterior_alpha_mean_psd,V^2/Hz,4.0683375490724504e-10
1,2,baseline_eyes_closed,win-2s_step-1s,2.0,1.0,0.5,3,20,20.0,22.0,21.0,3200,3520,320,posterior_alpha_mean_psd,V^2/Hz,4.147547405728506e-10
1,2,baseline_eyes_closed,win-2s_step-1s,2.0,1.0,0.5,3,21,21.0,23.0,22.0,3360,3680,320,posterior_alpha_mean_psd,V^2/Hz,7.450350395853333e-10
1,2,baseline_eyes_closed,win-2s_step-1s,2.0,1.0,0.5,3,22,22.0,24.0,23.0,3520,3840,320,posterior_alpha_mean_psd,V^2/Hz,6.602206671895991e-10
1,2,baseline_eyes_closed,win-2s_step-1s,2.0,1.0,0.5,3,23,23.0,25.0,24.0,3680,4000,320,posterior_alpha_mean_psd,V^2/Hz,3.7169424896807326e-10
1,2,baseline_eyes_closed,win-2s_step-1s,2.0,1.0,0.5,3,24,24.0,26.0,25.0,3840,4160,320,posterior_alpha_mean_psd,V^2/Hz,5.787210202493262e-10
1,2,baseline_eyes_closed,win-2s_step-1s,2.0,1.0,0.5,3,25,25.0,27.0,26.0,4000,4320,320,posterior_alpha_mean_psd,V^2/Hz,1.266098892772713e-09
1,2,baseline_eyes_closed,win-2s_step-1s,2.0,1.0,0.5,3,26,26.0,28.0,27.0,4160,4480,320,posterior_alpha_mean_psd,V^2/Hz,7.232185410106892e-10
1,2,baseline_eyes_closed,win-2s_step-1s,2.0,1.0,0.5,3,27,27.0,29.0,28.0,4320,4640,320,posterior_alpha_mean_psd,V^2/Hz,9.066801657048639e-10
1,2,baseline_eyes_closed,win-2s_step-1s,2.0,1.0,0.5,3,28,28.0,30.0,29.0,4480,4800,320,posterior_alpha_mean_psd,V^2/Hz,7.072926861239779e-10
1,2,baseline_eyes_closed,win-2s_step-1s,2.0,1.0,0.5,3,29,29.0,31.0,30.0,4640,4960,320,posterior_alpha_mean_psd,V^2/Hz,5.038257003548005e-10
1,2,baseline_eyes_closed,win-2s_step-1s,2.0,1.0,0.5,3,30,30.0,32.0,31.0,4800,5120,320,posterior_alpha_mean_psd,V^2/Hz,7.383338855642272e-10
1,2,baseline_eyes_closed,win-2s_step-1s,2.0,1.0,0.5,3,31,31.0,33.0,32.0,4960,5280,320,posterior_alpha_mean_psd,V^2/Hz,5.530697443662959e-10
1,2,baseline_eyes_closed,win-2s_step-1s,2.0,1.0,0.5,3,32,32.0,34.0,33.0,5120,5440,320,posterior_alpha_mean_psd,V^2/Hz,2.519217703725816e-10
1,2,baseline_eyes_closed,win-2s_step-1s,2.0,1.0,0.5,3,33,33.0,35.0,34.0,5280,5600,320,posterior_alpha_mean_psd,V^2/Hz,5.258582337315854e-10
1,2,baseline_eyes_closed,win-2s_step-1s,2.0,1.0,0.5,3,34,34.0,36.0,35.0,5440,5760,320,posterior_alpha_mean_psd,V^2/Hz,5.832167315531251e-10
1,2,baseline_eyes_closed,win-2s_step-1s,2.0,1.0,0.5,3,35,35.0,37.0,36.0,5600,5920,320,posterior_alpha_mean_psd,V^2/Hz,3.9471830561962513e-10
1,2,baseline_eyes_closed,win-2s_step-1s,2.0,1.0,0.5,3,36,36.0,38.0,37.0,5760,6080,320,posterior_alpha_mean_psd,V^2/Hz,3.72063011557295e-10
1,2,baseline_eyes_closed,win-2s_step-1s,2.0,1.0,0.5,3,37,37.0,39.0,38.0,5920,6240,320,posterior_alpha_mean_psd,V^2/Hz,2.1675171669337586e-10
1,2,baseline_eyes_closed,win-2s_step-1s,2.0,1.0,0.5,3,38,38.0,40.0,39.0,6080,6400,320,posterior_alpha_mean_psd,V^2/Hz,5.269474959326561e-10
1,2,baseline_eyes_closed,win-2s_step-1s,2.0,1.0,0.5,3,39,39.0,41.0,40.0,6240,6560,320,posterior_alpha_mean_psd,V^2/Hz,5.310837576407506e-10
1,2,baseline_eyes_closed,win-2s_step-1s,2.0,1.0,0.5,3,40,40.0,42.0,41.0,6400,6720,320,posterior_alpha_mean_psd,V^2/Hz,6.327429691884095e-10
1,2,baseline_eyes_closed,win-2s_step-1s,2.0,1.0,0.5,3,41,41.0,43.0,42.0,6560,6880,320,posterior_alpha_mean_psd,V^2/Hz,4.97023771852284e-10
1,2,baseline_eyes_closed,win-2s_step-1s,2.0,1.0,0.5,3,42,42.0,44.0,43.0,6720,7040,320,posterior_alpha_mean_psd,V^2/Hz,9.84100124135573e-10
1,2,baseline_eyes_closed,win-2s_step-1s,2.0,1.0,0.5,3,43,43.0,45.0,44.0,6880,7200,320,posterior_alpha_mean_psd,V^2/Hz,1.0789681690257175e-09
1,2,baseline_eyes_closed,win-2s_step-1s,2.0,1.0,0.5,3,44,44.0,46.0,45.0,7040,7360,320,posterior_alpha_mean_psd,V^2/Hz,4.2267578401317304e-10
1,2,baseline_eyes_closed,win-2s_step-1s,2.0,1.0,0.5,3,45,45.0,47.0,46.0,7200,7520,320,posterior_alpha_mean_psd,V^2/Hz,5.590404946629128e-10
1,2,baseline_eyes_closed,win-2s_step-1s,2.0,1.0,0.5,3,46,46.0,48.0,47.0,7360,7680,320,posterior_alpha_mean_psd,V^2/Hz,3.4919124949300497e-10
1,2,baseline_eyes_closed,win-2s_step-1s,2.0,1.0,0.5,3,47,47.0,49.0,48.0,7520,7840,320,posterior_alpha_mean_psd,V^2/Hz,9.177944459885127e-10
1,2,baseline_eyes_closed,win-2s_step-1s,2.0,1.0,0.5,3,48,48.0,50.0,49.0,7680,8000,320,posterior_alpha_mean_psd,V^2/Hz,8.037948884203086e-10
1,2,baseline_eyes_closed,win-2s_step-1s,2.0,1.0,0.5,3,49,49.0,51.0,50.0,7840,8160,320,posterior_alpha_mean_psd,V^2/Hz,4.795002023124394e-10
1,2,baseline_eyes_closed,win-2s_step-1s,2.0,1.0,0.5,3,50,50.0,52.0,51.0,8000,8320,320,posterior_alpha_mean_psd,V^2/Hz,1.0632212692942622e-09
1,2,baseline_eyes_closed,win-2s_step-1s,2.0,1.0,0.5,3,51,51.0,53.0,52.0,8160,8480,320,posterior_alpha_mean_psd,V^2/Hz,8.134454191947062e-10
1,2,baseline_eyes_closed,win-2s_step-1s,2.0,1.0,0.5,3,52,52.0,54.0,53.0,8320,8640,320,posterior_alpha_mean_psd,V^2/Hz,6.827763821856042e-10
1,2,baseline_eyes_closed,win-2s_step-1s,2.0,1.0,0.5,3,53,53.0,55.0,54.0,8480,8800,320,posterior_alpha_mean_psd,V^2/Hz,2.9786114498442003e-10
1,2,baseline_eyes_closed,win-2s_step-1s,2.0,1.0,0.5,3,54,54.0,56.0,55.0,8640,8960,320,posterior_alpha_mean_psd,V^2/Hz,5.1547767330966e-10
1,2,baseline_eyes_closed,win-2s_step-1s,2.0,1.0,0.5,3,55,55.0,57.0,56.0,8800,9120,320,posterior_alpha_mean_psd,V^2/Hz,7.41497608551192e-10
1,2,baseline_eyes_closed,win-2s_step-1s,2.0,1.0,0.5,3,56,56.0,58.0,57.0,8960,9280,320,posterior_alpha_mean_psd,V^2/Hz,9.722727622657564e-10
1,2,baseline_eyes_closed,win-2s_step-1s,2.0,1.0,0.5,3,57,57.0,59.0,58.0,9120,9440,320,posterior_alpha_mean_psd,V^2/Hz,8.298304406235723e-10
1,2,baseline_eyes_closed,win-2s_step-1s,2.0,1.0,0.5,3,58,58.0,60.0,59.0,9280,9600,320,posterior_alpha_mean_psd,V^2/Hz,1.024777586324378e-09
1,1,baseline_eyes_open,win-1s_step-1s,1.0,1.0,0.0,1,0,0.0,1.0,0.5,0,160,160,posterior_alpha_mean_psd,V^2/Hz,1.6880811861843595e-10
1,1,baseline_eyes_open,win-1s_step-1s,1.0,1.0,0.0,1,1,1.0,2.0,1.5,160,320,160,posterior_alpha_mean_psd,V^2/Hz,4.192675706541833e-11
1,1,baseline_eyes_open,win-1s_step-1s,1.0,1.0,0.0,1,2,2.0,3.0,2.5,320,480,160,posterior_alpha_mean_psd,V^2/Hz,1.827289103099241e-11
1,1,baseline_eyes_open,win-1s_step-1s,1.0,1.0,0.0,1,3,3.0,4.0,3.5,480,640,160,posterior_alpha_mean_psd,V^2/Hz,1.5603198971729608e-11
1,1,baseline_eyes_open,win-1s_step-1s,1.0,1.0,0.0,1,4,4.0,5.0,4.5,640,800,160,posterior_alpha_mean_psd,V^2/Hz,1.662887620603429e-11
1,1,baseline_eyes_open,win-1s_step-1s,1.0,1.0,0.0,1,5,5.0,6.0,5.5,800,960,160,posterior_alpha_mean_psd,V^2/Hz,1.859960858709122e-11
1,1,baseline_eyes_open,win-1s_step-1s,1.0,1.0,0.0,1,6,6.0,7.0,6.5,960,1120,160,posterior_alpha_mean_psd,V^2/Hz,2.113961133296371e-11
1,1,baseline_eyes_open,win-1s_step-1s,1.0,1.0,0.0,1,7,7.0,8.0,7.5,1120,1280,160,posterior_alpha_mean_psd,V^2/Hz,3.843106304159832e-11
1,1,baseline_eyes_open,win-1s_step-1s,1.0,1.0,0.0,1,8,8.0,9.0,8.5,1280,1440,160,posterior_alpha_mean_psd,V^2/Hz,2.7158280193527844e-11
1,1,baseline_eyes_open,win-1s_step-1s,1.0,1.0,0.0,1,9,9.0,10.0,9.5,1440,1600,160,posterior_alpha_mean_psd,V^2/Hz,3.1948121247273053e-11
1,1,baseline_eyes_open,win-1s_step-1s,1.0,1.0,0.0,1,10,10.0,11.0,10.5,1600,1760,160,posterior_alpha_mean_psd,V^2/Hz,1.5797738025272345e-11
1,1,baseline_eyes_open,win-1s_step-1s,1.0,1.0,0.0,1,11,11.0,12.0,11.5,1760,1920,160,posterior_alpha_mean_psd,V^2/Hz,5.67339704276268e-11
1,1,baseline_eyes_open,win-1s_step-1s,1.0,1.0,0.0,1,12,12.0,13.0,12.5,1920,2080,160,posterior_alpha_mean_psd,V^2/Hz,2.024107459625297e-11
1,1,baseline_eyes_open,win-1s_step-1s,1.0,1.0,0.0,1,13,13.0,14.0,13.5,2080,2240,160,posterior_alpha_mean_psd,V^2/Hz,4.231499221081594e-11
1,1,baseline_eyes_open,win-1s_step-1s,1.0,1.0,0.0,1,14,14.0,15.0,14.5,2240,2400,160,posterior_alpha_mean_psd,V^2/Hz,1.897549290443776e-11
1,1,baseline_eyes_open,win-1s_step-1s,1.0,1.0,0.0,1,15,15.0,16.0,15.5,2400,2560,160,posterior_alpha_mean_psd,V^2/Hz,3.349199442317917e-11
1,1,baseline_eyes_open,win-1s_step-1s,1.0,1.0,0.0,1,16,16.0,17.0,16.5,2560,2720,160,posterior_alpha_mean_psd,V^2/Hz,4.6824832342098065e-11
1,1,baseline_eyes_open,win-1s_step-1s,1.0,1.0,0.0,1,17,17.0,18.0,17.5,2720,2880,160,posterior_alpha_mean_psd,V^2/Hz,3.651118193560224e-11
1,1,baseline_eyes_open,win-1s_step-1s,1.0,1.0,0.0,1,18,18.0,19.0,18.5,2880,3040,160,posterior_alpha_mean_psd,V^2/Hz,5.841413879948485e-11
1,1,baseline_eyes_open,win-1s_step-1s,1.0,1.0,0.0,1,19,19.0,20.0,19.5,3040,3200,160,posterior_alpha_mean_psd,V^2/Hz,4.004420765248198e-11
1,1,baseline_eyes_open,win-1s_step-1s,1.0,1.0,0.0,1,20,20.0,21.0,20.5,3200,3360,160,posterior_alpha_mean_psd,V^2/Hz,3.427012395700187e-11
1,1,baseline_eyes_open,win-1s_step-1s,1.0,1.0,0.0,1,21,21.0,22.0,21.5,3360,3520,160,posterior_alpha_mean_psd,V^2/Hz,4.833852904863936e-11
1,1,baseline_eyes_open,win-1s_step-1s,1.0,1.0,0.0,1,22,22.0,23.0,22.5,3520,3680,160,posterior_alpha_mean_psd,V^2/Hz,2.3605505562524883e-11
1,1,baseline_eyes_open,win-1s_step-1s,1.0,1.0,0.0,1,23,23.0,24.0,23.5,3680,3840,160,posterior_alpha_mean_psd,V^2/Hz,6.318362963307337e-11
1,1,baseline_eyes_open,win-1s_step-1s,1.0,1.0,0.0,1,24,24.0,25.0,24.5,3840,4000,160,posterior_alpha_mean_psd,V^2/Hz,2.5904061399764442e-11
1,1,baseline_eyes_open,win-1s_step-1s,1.0,1.0,0.0,1,25,25.0,26.0,25.5,4000,4160,160,posterior_alpha_mean_psd,V^2/Hz,1.11468237107072e-11
1,1,baseline_eyes_open,win-1s_step-1s,1.0,1.0,0.0,1,26,26.0,27.0,26.5,4160,4320,160,posterior_alpha_mean_psd,V^2/Hz,4.670938143240178e-11
1,1,baseline_eyes_open,win-1s_step-1s,1.0,1.0,0.0,1,27,27.0,28.0,27.5,4320,4480,160,posterior_alpha_mean_psd,V^2/Hz,2.918854197592255e-11
1,1,baseline_eyes_open,win-1s_step-1s,1.0,1.0,0.0,1,28,28.0,29.0,28.5,4480,4640,160,posterior_alpha_mean_psd,V^2/Hz,9.281517569354162e-11
1,1,baseline_eyes_open,win-1s_step-1s,1.0,1.0,0.0,1,29,29.0,30.0,29.5,4640,4800,160,posterior_alpha_mean_psd,V^2/Hz,4.78742473443496e-11
1,1,baseline_eyes_open,win-1s_step-1s,1.0,1.0,0.0,1,30,30.0,31.0,30.5,4800,4960,160,posterior_alpha_mean_psd,V^2/Hz,4.359527248465252e-11
1,1,baseline_eyes_open,win-1s_step-1s,1.0,1.0,0.0,1,31,31.0,32.0,31.5,4960,5120,160,posterior_alpha_mean_psd,V^2/Hz,4.355936301633043e-11
1,1,baseline_eyes_open,win-1s_step-1s,1.0,1.0,0.0,1,32,32.0,33.0,32.5,5120,5280,160,posterior_alpha_mean_psd,V^2/Hz,1.9395159039167108e-11
1,1,baseline_eyes_open,win-1s_step-1s,1.0,1.0,0.0,1,33,33.0,34.0,33.5,5280,5440,160,posterior_alpha_mean_psd,V^2/Hz,1.8889944869645418e-11
1,1,baseline_eyes_open,win-1s_step-1s,1.0,1.0,0.0,1,34,34.0,35.0,34.5,5440,5600,160,posterior_alpha_mean_psd,V^2/Hz,1.3011088323073528e-11
1,1,baseline_eyes_open,win-1s_step-1s,1.0,1.0,0.0,1,35,35.0,36.0,35.5,5600,5760,160,posterior_alpha_mean_psd,V^2/Hz,2.5798474856592362e-11
1,1,baseline_eyes_open,win-1s_step-1s,1.0,1.0,0.0,1,36,36.0,37.0,36.5,5760,5920,160,posterior_alpha_mean_psd,V^2/Hz,8.453288235414137e-12
1,1,baseline_eyes_open,win-1s_step-1s,1.0,1.0,0.0,1,37,37.0,38.0,37.5,5920,6080,160,posterior_alpha_mean_psd,V^2/Hz,3.430977510249324e-11
1,1,baseline_eyes_open,win-1s_step-1s,1.0,1.0,0.0,1,38,38.0,39.0,38.5,6080,6240,160,posterior_alpha_mean_psd,V^2/Hz,5.426262823654865e-11
1,1,baseline_eyes_open,win-1s_step-1s,1.0,1.0,0.0,1,39,39.0,40.0,39.5,6240,6400,160,posterior_alpha_mean_psd,V^2/Hz,6.557163517783091e-11
1,1,baseline_eyes_open,win-1s_step-1s,1.0,1.0,0.0,1,40,40.0,41.0,40.5,6400,6560,160,posterior_alpha_mean_psd,V^2/Hz,4.282806593559633e-11
1,1,baseline_eyes_open,win-1s_step-1s,1.0,1.0,0.0,1,41,41.0,42.0,41.5,6560,6720,160,posterior_alpha_mean_psd,V^2/Hz,3.493000654070615e-11
1,1,baseline_eyes_open,win-1s_step-1s,1.0,1.0,0.0,1,42,42.0,43.0,42.5,6720,6880,160,posterior_alpha_mean_psd,V^2/Hz,2.976196318515023e-11
1,1,baseline_eyes_open,win-1s_step-1s,1.0,1.0,0.0,1,43,43.0,44.0,43.5,6880,7040,160,posterior_alpha_mean_psd,V^2/Hz,4.096427229748713e-11
1,1,baseline_eyes_open,win-1s_step-1s,1.0,1.0,0.0,1,44,44.0,45.0,44.5,7040,7200,160,posterior_alpha_mean_psd,V^2/Hz,3.226157588540589e-11
1,1,baseline_eyes_open,win-1s_step-1s,1.0,1.0,0.0,1,45,45.0,46.0,45.5,7200,7360,160,posterior_alpha_mean_psd,V^2/Hz,8.760703533636157e-11
1,1,baseline_eyes_open,win-1s_step-1s,1.0,1.0,0.0,1,46,46.0,47.0,46.5,7360,7520,160,posterior_alpha_mean_psd,V^2/Hz,1.459044338625226e-10
1,1,baseline_eyes_open,win-1s_step-1s,1.0,1.0,0.0,1,47,47.0,48.0,47.5,7520,7680,160,posterior_alpha_mean_psd,V^2/Hz,8.23145295845574e-11
1,1,baseline_eyes_open,win-1s_step-1s,1.0,1.0,0.0,1,48,48.0,49.0,48.5,7680,7840,160,posterior_alpha_mean_psd,V^2/Hz,4.299721749983194e-11
1,1,baseline_eyes_open,win-1s_step-1s,1.0,1.0,0.0,1,49,49.0,50.0,49.5,7840,8000,160,posterior_alpha_mean_psd,V^2/Hz,3.3439503892937374e-11
1,1,baseline_eyes_open,win-1s_step-1s,1.0,1.0,0.0,1,50,50.0,51.0,50.5,8000,8160,160,posterior_alpha_mean_psd,V^2/Hz,2.5063806945128162e-11
1,1,baseline_eyes_open,win-1s_step-1s,1.0,1.0,0.0,1,51,51.0,52.0,51.5,8160,8320,160,posterior_alpha_mean_psd,V^2/Hz,1.5415445167775765e-11
1,1,baseline_eyes_open,win-1s_step-1s,1.0,1.0,0.0,1,52,52.0,53.0,52.5,8320,8480,160,posterior_alpha_mean_psd,V^2/Hz,1.9615920728378964e-11
1,1,baseline_eyes_open,win-1s_step-1s,1.0,1.0,0.0,1,53,53.0,54.0,53.5,8480,8640,160,posterior_alpha_mean_psd,V^2/Hz,1.6509203618582537e-11
1,1,baseline_eyes_open,win-1s_step-1s,1.0,1.0,0.0,1,54,54.0,55.0,54.5,8640,8800,160,posterior_alpha_mean_psd,V^2/Hz,3.0447477896307973e-11
1,1,baseline_eyes_open,win-1s_step-1s,1.0,1.0,0.0,1,55,55.0,56.0,55.5,8800,8960,160,posterior_alpha_mean_psd,V^2/Hz,2.1450188513592697e-11
1,1,baseline_eyes_open,win-1s_step-1s,1.0,1.0,0.0,1,56,56.0,57.0,56.5,8960,9120,160,posterior_alpha_mean_psd,V^2/Hz,7.831003547375737e-11
1,1,baseline_eyes_open,win-1s_step-1s,1.0,1.0,0.0,1,57,57.0,58.0,57.5,9120,9280,160,posterior_alpha_mean_psd,V^2/Hz,5.488398099123841e-11
1,1,baseline_eyes_open,win-1s_step-1s,1.0,1.0,0.0,1,58,58.0,59.0,58.5,9280,9440,160,posterior_alpha_mean_psd,V^2/Hz,6.664223482087196e-11
1,1,baseline_eyes_open,win-1s_step-1s,1.0,1.0,0.0,1,59,59.0,60.0,59.5,9440,9600,160,posterior_alpha_mean_psd,V^2/Hz,4.973349681004737e-11
1,2,baseline_eyes_closed,win-1s_step-1s,1.0,1.0,0.0,1,0,0.0,1.0,0.5,0,160,160,posterior_alpha_mean_psd,V^2/Hz,6.61386545467898e-10
1,2,baseline_eyes_closed,win-1s_step-1s,1.0,1.0,0.0,1,1,1.0,2.0,1.5,160,320,160,posterior_alpha_mean_psd,V^2/Hz,4.861809781007383e-10
1,2,baseline_eyes_closed,win-1s_step-1s,1.0,1.0,0.0,1,2,2.0,3.0,2.5,320,480,160,posterior_alpha_mean_psd,V^2/Hz,3.1544280625339187e-10
1,2,baseline_eyes_closed,win-1s_step-1s,1.0,1.0,0.0,1,3,3.0,4.0,3.5,480,640,160,posterior_alpha_mean_psd,V^2/Hz,2.9218814181816913e-10
1,2,baseline_eyes_closed,win-1s_step-1s,1.0,1.0,0.0,1,4,4.0,5.0,4.5,640,800,160,posterior_alpha_mean_psd,V^2/Hz,2.1698618566288926e-10
1,2,baseline_eyes_closed,win-1s_step-1s,1.0,1.0,0.0,1,5,5.0,6.0,5.5,800,960,160,posterior_alpha_mean_psd,V^2/Hz,2.079191684514905e-10
1,2,baseline_eyes_closed,win-1s_step-1s,1.0,1.0,0.0,1,6,6.0,7.0,6.5,960,1120,160,posterior_alpha_mean_psd,V^2/Hz,1.7606122451351666e-10
1,2,baseline_eyes_closed,win-1s_step-1s,1.0,1.0,0.0,1,7,7.0,8.0,7.5,1120,1280,160,posterior_alpha_mean_psd,V^2/Hz,1.4886161101679773e-10
1,2,baseline_eyes_closed,win-1s_step-1s,1.0,1.0,0.0,1,8,8.0,9.0,8.5,1280,1440,160,posterior_alpha_mean_psd,V^2/Hz,3.5862375430582706e-10
1,2,baseline_eyes_closed,win-1s_step-1s,1.0,1.0,0.0,1,9,9.0,10.0,9.5,1440,1600,160,posterior_alpha_mean_psd,V^2/Hz,2.4493298309916445e-10
1,2,baseline_eyes_closed,win-1s_step-1s,1.0,1.0,0.0,1,10,10.0,11.0,10.5,1600,1760,160,posterior_alpha_mean_psd,V^2/Hz,2.8100476968271106e-10
1,2,baseline_eyes_closed,win-1s_step-1s,1.0,1.0,0.0,1,11,11.0,12.0,11.5,1760,1920,160,posterior_alpha_mean_psd,V^2/Hz,3.9696938636686527e-10
1,2,baseline_eyes_closed,win-1s_step-1s,1.0,1.0,0.0,1,12,12.0,13.0,12.5,1920,2080,160,posterior_alpha_mean_psd,V^2/Hz,4.77353499918455e-10
1,2,baseline_eyes_closed,win-1s_step-1s,1.0,1.0,0.0,1,13,13.0,14.0,13.5,2080,2240,160,posterior_alpha_mean_psd,V^2/Hz,2.422027376545419e-10
1,2,baseline_eyes_closed,win-1s_step-1s,1.0,1.0,0.0,1,14,14.0,15.0,14.5,2240,2400,160,posterior_alpha_mean_psd,V^2/Hz,3.921630528049102e-10
1,2,baseline_eyes_closed,win-1s_step-1s,1.0,1.0,0.0,1,15,15.0,16.0,15.5,2400,2560,160,posterior_alpha_mean_psd,V^2/Hz,4.78592492527766e-10
1,2,baseline_eyes_closed,win-1s_step-1s,1.0,1.0,0.0,1,16,16.0,17.0,16.5,2560,2720,160,posterior_alpha_mean_psd,V^2/Hz,2.2620690014647345e-10
1,2,baseline_eyes_closed,win-1s_step-1s,1.0,1.0,0.0,1,17,17.0,18.0,17.5,2720,2880,160,posterior_alpha_mean_psd,V^2/Hz,3.394721944624766e-10
1,2,baseline_eyes_closed,win-1s_step-1s,1.0,1.0,0.0,1,18,18.0,19.0,18.5,2880,3040,160,posterior_alpha_mean_psd,V^2/Hz,2.6182565634613666e-10
1,2,baseline_eyes_closed,win-1s_step-1s,1.0,1.0,0.0,1,19,19.0,20.0,19.5,3040,3200,160,posterior_alpha_mean_psd,V^2/Hz,7.230075071041105e-10
1,2,baseline_eyes_closed,win-1s_step-1s,1.0,1.0,0.0,1,20,20.0,21.0,20.5,3200,3360,160,posterior_alpha_mean_psd,V^2/Hz,2.8396133136020375e-10
1,2,baseline_eyes_closed,win-1s_step-1s,1.0,1.0,0.0,1,21,21.0,22.0,21.5,3360,3520,160,posterior_alpha_mean_psd,V^2/Hz,6.549931685299661e-10
1,2,baseline_eyes_closed,win-1s_step-1s,1.0,1.0,0.0,1,22,22.0,23.0,22.5,3520,3680,160,posterior_alpha_mean_psd,V^2/Hz,1.066036941935846e-09
1,2,baseline_eyes_closed,win-1s_step-1s,1.0,1.0,0.0,1,23,23.0,24.0,23.5,3680,3840,160,posterior_alpha_mean_psd,V^2/Hz,4.3213861680623583e-10
1,2,baseline_eyes_closed,win-1s_step-1s,1.0,1.0,0.0,1,24,24.0,25.0,24.5,3840,4000,160,posterior_alpha_mean_psd,V^2/Hz,5.854788393742066e-10
1,2,baseline_eyes_closed,win-1s_step-1s,1.0,1.0,0.0,1,25,25.0,26.0,25.5,4000,4160,160,posterior_alpha_mean_psd,V^2/Hz,9.774225254684434e-10
1,2,baseline_eyes_closed,win-1s_step-1s,1.0,1.0,0.0,1,26,26.0,27.0,26.5,4160,4320,160,posterior_alpha_mean_psd,V^2/Hz,1.2843785781592518e-09
1,2,baseline_eyes_closed,win-1s_step-1s,1.0,1.0,0.0,1,27,27.0,28.0,27.5,4320,4480,160,posterior_alpha_mean_psd,V^2/Hz,4.897850157696459e-10
1,2,baseline_eyes_closed,win-1s_step-1s,1.0,1.0,0.0,1,28,28.0,29.0,28.5,4480,4640,160,posterior_alpha_mean_psd,V^2/Hz,9.271770823758776e-10
1,2,baseline_eyes_closed,win-1s_step-1s,1.0,1.0,0.0,1,29,29.0,30.0,29.5,4640,4800,160,posterior_alpha_mean_psd,V^2/Hz,6.200751395054505e-10
1,2,baseline_eyes_closed,win-1s_step-1s,1.0,1.0,0.0,1,30,30.0,31.0,30.5,4800,4960,160,posterior_alpha_mean_psd,V^2/Hz,4.2834327374134347e-10
1,2,baseline_eyes_closed,win-1s_step-1s,1.0,1.0,0.0,1,31,31.0,32.0,31.5,4960,5120,160,posterior_alpha_mean_psd,V^2/Hz,7.535037927120921e-10
1,2,baseline_eyes_closed,win-1s_step-1s,1.0,1.0,0.0,1,32,32.0,33.0,32.5,5120,5280,160,posterior_alpha_mean_psd,V^2/Hz,1.881891852920783e-10
1,2,baseline_eyes_closed,win-1s_step-1s,1.0,1.0,0.0,1,33,33.0,34.0,33.5,5280,5440,160,posterior_alpha_mean_psd,V^2/Hz,3.352327439917391e-10
1,2,baseline_eyes_closed,win-1s_step-1s,1.0,1.0,0.0,1,34,34.0,35.0,34.5,5440,5600,160,posterior_alpha_mean_psd,V^2/Hz,6.780672722728928e-10
1,2,baseline_eyes_closed,win-1s_step-1s,1.0,1.0,0.0,1,35,35.0,36.0,35.5,5600,5760,160,posterior_alpha_mean_psd,V^2/Hz,4.716097564346648e-10
1,2,baseline_eyes_closed,win-1s_step-1s,1.0,1.0,0.0,1,36,36.0,37.0,36.5,5760,5920,160,posterior_alpha_mean_psd,V^2/Hz,4.348311364065563e-10
1,2,baseline_eyes_closed,win-1s_step-1s,1.0,1.0,0.0,1,37,37.0,38.0,37.5,5920,6080,160,posterior_alpha_mean_psd,V^2/Hz,3.528511965225198e-10
1,2,baseline_eyes_closed,win-1s_step-1s,1.0,1.0,0.0,1,38,38.0,39.0,38.5,6080,6240,160,posterior_alpha_mean_psd,V^2/Hz,1.1228883135703821e-10
1,2,baseline_eyes_closed,win-1s_step-1s,1.0,1.0,0.0,1,39,39.0,40.0,39.5,6240,6400,160,posterior_alpha_mean_psd,V^2/Hz,3.8395102032654547e-10
1,2,baseline_eyes_closed,win-1s_step-1s,1.0,1.0,0.0,1,40,40.0,41.0,40.5,6400,6560,160,posterior_alpha_mean_psd,V^2/Hz,4.796553923481471e-10
1,2,baseline_eyes_closed,win-1s_step-1s,1.0,1.0,0.0,1,41,41.0,42.0,41.5,6560,6720,160,posterior_alpha_mean_psd,V^2/Hz,4.5510070370193054e-10
1,2,baseline_eyes_closed,win-1s_step-1s,1.0,1.0,0.0,1,42,42.0,43.0,42.5,6720,6880,160,posterior_alpha_mean_psd,V^2/Hz,7.410845925019801e-10
1,2,baseline_eyes_closed,win-1s_step-1s,1.0,1.0,0.0,1,43,43.0,44.0,43.5,6880,7040,160,posterior_alpha_mean_psd,V^2/Hz,1.8243320471796329e-09
1,2,baseline_eyes_closed,win-1s_step-1s,1.0,1.0,0.0,1,44,44.0,45.0,44.5,7040,7200,160,posterior_alpha_mean_psd,V^2/Hz,2.714929621528192e-10
1,2,baseline_eyes_closed,win-1s_step-1s,1.0,1.0,0.0,1,45,45.0,46.0,45.5,7200,7360,160,posterior_alpha_mean_psd,V^2/Hz,6.254420481289353e-10
1,2,baseline_eyes_closed,win-1s_step-1s,1.0,1.0,0.0,1,46,46.0,47.0,46.5,7360,7520,160,posterior_alpha_mean_psd,V^2/Hz,3.464858075822471e-10
1,2,baseline_eyes_closed,win-1s_step-1s,1.0,1.0,0.0,1,47,47.0,48.0,47.5,7520,7680,160,posterior_alpha_mean_psd,V^2/Hz,4.713971293987554e-10
1,2,baseline_eyes_closed,win-1s_step-1s,1.0,1.0,0.0,1,48,48.0,49.0,48.5,7680,7840,160,posterior_alpha_mean_psd,V^2/Hz,5.292947101421781e-10
1,2,baseline_eyes_closed,win-1s_step-1s,1.0,1.0,0.0,1,49,49.0,50.0,49.5,7840,8000,160,posterior_alpha_mean_psd,V^2/Hz,3.3292613808835306e-10
1,2,baseline_eyes_closed,win-1s_step-1s,1.0,1.0,0.0,1,50,50.0,51.0,50.5,8000,8160,160,posterior_alpha_mean_psd,V^2/Hz,8.553792450615158e-10
1,2,baseline_eyes_closed,win-1s_step-1s,1.0,1.0,0.0,1,51,51.0,52.0,51.5,8160,8320,160,posterior_alpha_mean_psd,V^2/Hz,6.978773440715992e-10
1,2,baseline_eyes_closed,win-1s_step-1s,1.0,1.0,0.0,1,52,52.0,53.0,52.5,8320,8480,160,posterior_alpha_mean_psd,V^2/Hz,5.482474073066725e-10
1,2,baseline_eyes_closed,win-1s_step-1s,1.0,1.0,0.0,1,53,53.0,54.0,53.5,8480,8640,160,posterior_alpha_mean_psd,V^2/Hz,2.1697399785456973e-10
1,2,baseline_eyes_closed,win-1s_step-1s,1.0,1.0,0.0,1,54,54.0,55.0,54.5,8640,8800,160,posterior_alpha_mean_psd,V^2/Hz,2.0002644437729137e-10
1,2,baseline_eyes_closed,win-1s_step-1s,1.0,1.0,0.0,1,55,55.0,56.0,55.5,8800,8960,160,posterior_alpha_mean_psd,V^2/Hz,8.689942495646431e-10
1,2,baseline_eyes_closed,win-1s_step-1s,1.0,1.0,0.0,1,56,56.0,57.0,56.5,8960,9120,160,posterior_alpha_mean_psd,V^2/Hz,1.0674721378056233e-09
1,2,baseline_eyes_closed,win-1s_step-1s,1.0,1.0,0.0,1,57,57.0,58.0,57.5,9120,9280,160,posterior_alpha_mean_psd,V^2/Hz,7.72792896943375e-10
1,2,baseline_eyes_closed,win-1s_step-1s,1.0,1.0,0.0,1,58,58.0,59.0,58.5,9280,9440,160,posterior_alpha_mean_psd,V^2/Hz,1.1447584303858067e-09
1,2,baseline_eyes_closed,win-1s_step-1s,1.0,1.0,0.0,1,59,59.0,60.0,59.5,9440,9600,160,posterior_alpha_mean_psd,V^2/Hz,3.0935783741869103e-10
1,1,baseline_eyes_open,win-4s_step-1s,4.0,1.0,0.75,7,0,0.0,4.0,2.0,0,640,640,posterior_alpha_mean_psd,V^2/Hz,4.6973428987559994e-11
1,1,baseline_eyes_open,win-4s_step-1s,4.0,1.0,0.75,7,1,1.0,5.0,3.0,160,800,640,posterior_alpha_mean_psd,V^2/Hz,2.6222808073199432e-11
1,1,baseline_eyes_open,win-4s_step-1s,4.0,1.0,0.75,7,2,2.0,6.0,4.0,320,960,640,posterior_alpha_mean_psd,V^2/Hz,2.3571741441608018e-11
1,1,baseline_eyes_open,win-4s_step-1s,4.0,1.0,0.75,7,3,3.0,7.0,5.0,480,1120,640,posterior_alpha_mean_psd,V^2/Hz,2.2335253381064243e-11
1,1,baseline_eyes_open,win-4s_step-1s,4.0,1.0,0.75,7,4,4.0,8.0,6.0,640,1280,640,posterior_alpha_mean_psd,V^2/Hz,2.8214246463228213e-11
1,1,baseline_eyes_open,win-4s_step-1s,4.0,1.0,0.75,7,5,5.0,9.0,7.0,800,1440,640,posterior_alpha_mean_psd,V^2/Hz,2.7884779915998893e-11
1,1,baseline_eyes_open,win-4s_step-1s,4.0,1.0,0.75,7,6,6.0,10.0,8.0,960,1600,640,posterior_alpha_mean_psd,V^2/Hz,2.622557741313158e-11
1,1,baseline_eyes_open,win-4s_step-1s,4.0,1.0,0.75,7,7,7.0,11.0,9.0,1120,1760,640,posterior_alpha_mean_psd,V^2/Hz,2.7602802439622506e-11
1,1,baseline_eyes_open,win-4s_step-1s,4.0,1.0,0.75,7,8,8.0,12.0,10.0,1280,1920,640,posterior_alpha_mean_psd,V^2/Hz,2.973923800909155e-11
1,1,baseline_eyes_open,win-4s_step-1s,4.0,1.0,0.75,7,9,9.0,13.0,11.0,1440,2080,640,posterior_alpha_mean_psd,V^2/Hz,3.251200244059687e-11
1,1,baseline_eyes_open,win-4s_step-1s,4.0,1.0,0.75,7,10,10.0,14.0,12.0,1600,2240,640,posterior_alpha_mean_psd,V^2/Hz,3.143048377664482e-11
1,1,baseline_eyes_open,win-4s_step-1s,4.0,1.0,0.75,7,11,11.0,15.0,13.0,1760,2400,640,posterior_alpha_mean_psd,V^2/Hz,4.823299961013544e-11
1,1,baseline_eyes_open,win-4s_step-1s,4.0,1.0,0.75,7,12,12.0,16.0,14.0,1920,2560,640,posterior_alpha_mean_psd,V^2/Hz,4.558062954729388e-11
1,1,baseline_eyes_open,win-4s_step-1s,4.0,1.0,0.75,7,13,13.0,17.0,15.0,2080,2720,640,posterior_alpha_mean_psd,V^2/Hz,5.328610855375232e-11
1,1,baseline_eyes_open,win-4s_step-1s,4.0,1.0,0.75,7,14,14.0,18.0,16.0,2240,2880,640,posterior_alpha_mean_psd,V^2/Hz,4.4985812422050364e-11
1,1,baseline_eyes_open,win-4s_step-1s,4.0,1.0,0.75,7,15,15.0,19.0,17.0,2400,3040,640,posterior_alpha_mean_psd,V^2/Hz,4.694258968046795e-11
1,1,baseline_eyes_open,win-4s_step-1s,4.0,1.0,0.75,7,16,16.0,20.0,18.0,2560,3200,640,posterior_alpha_mean_psd,V^2/Hz,4.5466174354365015e-11
1,1,baseline_eyes_open,win-4s_step-1s,4.0,1.0,0.75,7,17,17.0,21.0,19.0,2720,3360,640,posterior_alpha_mean_psd,V^2/Hz,4.1544582187726386e-11
1,1,baseline_eyes_open,win-4s_step-1s,4.0,1.0,0.75,7,18,18.0,22.0,20.0,2880,3520,640,posterior_alpha_mean_psd,V^2/Hz,4.400843709112317e-11
1,1,baseline_eyes_open,win-4s_step-1s,4.0,1.0,0.75,7,19,19.0,23.0,21.0,3040,3680,640,posterior_alpha_mean_psd,V^2/Hz,3.502701580920639e-11
1,1,baseline_eyes_open,win-4s_step-1s,4.0,1.0,0.75,7,20,20.0,24.0,22.0,3200,3840,640,posterior_alpha_mean_psd,V^2/Hz,3.224585968216725e-11
1,1,baseline_eyes_open,win-4s_step-1s,4.0,1.0,0.75,7,21,21.0,25.0,23.0,3360,4000,640,posterior_alpha_mean_psd,V^2/Hz,3.1750616161476306e-11
1,1,baseline_eyes_open,win-4s_step-1s,4.0,1.0,0.75,7,22,22.0,26.0,24.0,3520,4160,640,posterior_alpha_mean_psd,V^2/Hz,1.1492834948542255e-10
1,1,baseline_eyes_open,win-4s_step-1s,4.0,1.0,0.75,7,23,23.0,27.0,25.0,3680,4320,640,posterior_alpha_mean_psd,V^2/Hz,1.1770739108742536e-10
1,1,baseline_eyes_open,win-4s_step-1s,4.0,1.0,0.75,7,24,24.0,28.0,26.0,3840,4480,640,posterior_alpha_mean_psd,V^2/Hz,1.2185509281185636e-10
1,1,baseline_eyes_open,win-4s_step-1s,4.0,1.0,0.75,7,25,25.0,29.0,27.0,4000,4640,640,posterior_alpha_mean_psd,V^2/Hz,4.490602549958187e-11
1,1,baseline_eyes_open,win-4s_step-1s,4.0,1.0,0.75,7,26,26.0,30.0,28.0,4160,4800,640,posterior_alpha_mean_psd,V^2/Hz,5.874978248570723e-11
1,1,baseline_eyes_open,win-4s_step-1s,4.0,1.0,0.75,7,27,27.0,31.0,29.0,4320,4960,640,posterior_alpha_mean_psd,V^2/Hz,4.9319086419396086e-11
1,1,baseline_eyes_open,win-4s_step-1s,4.0,1.0,0.75,7,28,28.0,32.0,30.0,4480,5120,640,posterior_alpha_mean_psd,V^2/Hz,5.3162924444157986e-11
1,1,baseline_eyes_open,win-4s_step-1s,4.0,1.0,0.75,7,29,29.0,33.0,31.0,4640,5280,640,posterior_alpha_mean_psd,V^2/Hz,3.488954903272661e-11
1,1,baseline_eyes_open,win-4s_step-1s,4.0,1.0,0.75,7,30,30.0,34.0,32.0,4800,5440,640,posterior_alpha_mean_psd,V^2/Hz,3.814854723637918e-11
1,1,baseline_eyes_open,win-4s_step-1s,4.0,1.0,0.75,7,31,31.0,35.0,33.0,4960,5600,640,posterior_alpha_mean_psd,V^2/Hz,3.3262436765292815e-11
1,1,baseline_eyes_open,win-4s_step-1s,4.0,1.0,0.75,7,32,32.0,36.0,34.0,5120,5760,640,posterior_alpha_mean_psd,V^2/Hz,3.30116531643854e-11
1,1,baseline_eyes_open,win-4s_step-1s,4.0,1.0,0.75,7,33,33.0,37.0,35.0,5280,5920,640,posterior_alpha_mean_psd,V^2/Hz,2.7345329502625607e-11
1,1,baseline_eyes_open,win-4s_step-1s,4.0,1.0,0.75,7,34,34.0,38.0,36.0,5440,6080,640,posterior_alpha_mean_psd,V^2/Hz,3.1978507436054793e-11
1,1,baseline_eyes_open,win-4s_step-1s,4.0,1.0,0.75,7,35,35.0,39.0,37.0,5600,6240,640,posterior_alpha_mean_psd,V^2/Hz,4.081531822731874e-11
1,1,baseline_eyes_open,win-4s_step-1s,4.0,1.0,0.75,7,36,36.0,40.0,38.0,5760,6400,640,posterior_alpha_mean_psd,V^2/Hz,5.725238949729421e-11
1,1,baseline_eyes_open,win-4s_step-1s,4.0,1.0,0.75,7,37,37.0,41.0,39.0,5920,6560,640,posterior_alpha_mean_psd,V^2/Hz,5.72202122451892e-11
1,1,baseline_eyes_open,win-4s_step-1s,4.0,1.0,0.75,7,38,38.0,42.0,40.0,6080,6720,640,posterior_alpha_mean_psd,V^2/Hz,7.051152283604366e-11
1,1,baseline_eyes_open,win-4s_step-1s,4.0,1.0,0.75,7,39,39.0,43.0,41.0,6240,6880,640,posterior_alpha_mean_psd,V^2/Hz,5.6659914872410425e-11
1,1,baseline_eyes_open,win-4s_step-1s,4.0,1.0,0.75,7,40,40.0,44.0,42.0,6400,7040,640,posterior_alpha_mean_psd,V^2/Hz,5.936904595147575e-11
1,1,baseline_eyes_open,win-4s_step-1s,4.0,1.0,0.75,7,41,41.0,45.0,43.0,6560,7200,640,posterior_alpha_mean_psd,V^2/Hz,4.6263366538524656e-11
1,1,baseline_eyes_open,win-4s_step-1s,4.0,1.0,0.75,7,42,42.0,46.0,44.0,6720,7360,640,posterior_alpha_mean_psd,V^2/Hz,5.681816756512387e-11
1,1,baseline_eyes_open,win-4s_step-1s,4.0,1.0,0.75,7,43,43.0,47.0,45.0,6880,7520,640,posterior_alpha_mean_psd,V^2/Hz,6.806554830028819e-11
1,1,baseline_eyes_open,win-4s_step-1s,4.0,1.0,0.75,7,44,44.0,48.0,46.0,7040,7680,640,posterior_alpha_mean_psd,V^2/Hz,6.722185178739413e-11
1,1,baseline_eyes_open,win-4s_step-1s,4.0,1.0,0.75,7,45,45.0,49.0,47.0,7200,7840,640,posterior_alpha_mean_psd,V^2/Hz,6.822572052774977e-11
1,1,baseline_eyes_open,win-4s_step-1s,4.0,1.0,0.75,7,46,46.0,50.0,48.0,7360,8000,640,posterior_alpha_mean_psd,V^2/Hz,6.435970392101323e-11
1,1,baseline_eyes_open,win-4s_step-1s,4.0,1.0,0.75,7,47,47.0,51.0,49.0,7520,8160,640,posterior_alpha_mean_psd,V^2/Hz,5.3726561157947175e-11
1,1,baseline_eyes_open,win-4s_step-1s,4.0,1.0,0.75,7,48,48.0,52.0,50.0,7680,8320,640,posterior_alpha_mean_psd,V^2/Hz,3.963653516575967e-11
1,1,baseline_eyes_open,win-4s_step-1s,4.0,1.0,0.75,7,49,49.0,53.0,51.0,7840,8480,640,posterior_alpha_mean_psd,V^2/Hz,3.5357883202782106e-11
1,1,baseline_eyes_open,win-4s_step-1s,4.0,1.0,0.75,7,50,50.0,54.0,52.0,8000,8640,640,posterior_alpha_mean_psd,V^2/Hz,2.582945907325048e-11
1,1,baseline_eyes_open,win-4s_step-1s,4.0,1.0,0.75,7,51,51.0,55.0,53.0,8160,8800,640,posterior_alpha_mean_psd,V^2/Hz,2.4016045747999737e-11
1,1,baseline_eyes_open,win-4s_step-1s,4.0,1.0,0.75,7,52,52.0,56.0,54.0,8320,8960,640,posterior_alpha_mean_psd,V^2/Hz,2.3911133150773974e-11
1,1,baseline_eyes_open,win-4s_step-1s,4.0,1.0,0.75,7,53,53.0,57.0,55.0,8480,9120,640,posterior_alpha_mean_psd,V^2/Hz,3.570118542974027e-11
1,1,baseline_eyes_open,win-4s_step-1s,4.0,1.0,0.75,7,54,54.0,58.0,56.0,8640,9280,640,posterior_alpha_mean_psd,V^2/Hz,3.9314473085181096e-11
1,1,baseline_eyes_open,win-4s_step-1s,4.0,1.0,0.75,7,55,55.0,59.0,57.0,8800,9440,640,posterior_alpha_mean_psd,V^2/Hz,4.2261100242696245e-11
1,1,baseline_eyes_open,win-4s_step-1s,4.0,1.0,0.75,7,56,56.0,60.0,58.0,8960,9600,640,posterior_alpha_mean_psd,V^2/Hz,4.880549392931415e-11
1,2,baseline_eyes_closed,win-4s_step-1s,4.0,1.0,0.75,7,0,0.0,4.0,2.0,0,640,640,posterior_alpha_mean_psd,V^2/Hz,4.309618197692168e-10
1,2,baseline_eyes_closed,win-4s_step-1s,4.0,1.0,0.75,7,1,1.0,5.0,3.0,160,800,640,posterior_alpha_mean_psd,V^2/Hz,4.2996152119467497e-10
1,2,baseline_eyes_closed,win-4s_step-1s,4.0,1.0,0.75,7,2,2.0,6.0,4.0,320,960,640,posterior_alpha_mean_psd,V^2/Hz,2.609522795994443e-10
1,2,baseline_eyes_closed,win-4s_step-1s,4.0,1.0,0.75,7,3,3.0,7.0,5.0,480,1120,640,posterior_alpha_mean_psd,V^2/Hz,2.5460494621241887e-10
1,2,baseline_eyes_closed,win-4s_step-1s,4.0,1.0,0.75,7,4,4.0,8.0,6.0,640,1280,640,posterior_alpha_mean_psd,V^2/Hz,2.1223751483078105e-10
1,2,baseline_eyes_closed,win-4s_step-1s,4.0,1.0,0.75,7,5,5.0,9.0,7.0,800,1440,640,posterior_alpha_mean_psd,V^2/Hz,2.542140960903786e-10
1,2,baseline_eyes_closed,win-4s_step-1s,4.0,1.0,0.75,7,6,6.0,10.0,8.0,960,1600,640,posterior_alpha_mean_psd,V^2/Hz,3.1102404122545565e-10
1,2,baseline_eyes_closed,win-4s_step-1s,4.0,1.0,0.75,7,7,7.0,11.0,9.0,1120,1760,640,posterior_alpha_mean_psd,V^2/Hz,3.215455155007253e-10
1,2,baseline_eyes_closed,win-4s_step-1s,4.0,1.0,0.75,7,8,8.0,12.0,10.0,1280,1920,640,posterior_alpha_mean_psd,V^2/Hz,3.9829758544074727e-10
1,2,baseline_eyes_closed,win-4s_step-1s,4.0,1.0,0.75,7,9,9.0,13.0,11.0,1440,2080,640,posterior_alpha_mean_psd,V^2/Hz,4.656719051778354e-10
1,2,baseline_eyes_closed,win-4s_step-1s,4.0,1.0,0.75,7,10,10.0,14.0,12.0,1600,2240,640,posterior_alpha_mean_psd,V^2/Hz,4.4742492827126576e-10
1,2,baseline_eyes_closed,win-4s_step-1s,4.0,1.0,0.75,7,11,11.0,15.0,13.0,1760,2400,640,posterior_alpha_mean_psd,V^2/Hz,4.3320521557948224e-10
1,2,baseline_eyes_closed,win-4s_step-1s,4.0,1.0,0.75,7,12,12.0,16.0,14.0,1920,2560,640,posterior_alpha_mean_psd,V^2/Hz,3.782580796961651e-10
1,2,baseline_eyes_closed,win-4s_step-1s,4.0,1.0,0.75,7,13,13.0,17.0,15.0,2080,2720,640,posterior_alpha_mean_psd,V^2/Hz,3.391103742244634e-10
1,2,baseline_eyes_closed,win-4s_step-1s,4.0,1.0,0.75,7,14,14.0,18.0,16.0,2240,2880,640,posterior_alpha_mean_psd,V^2/Hz,4.060252378039746e-10
1,2,baseline_eyes_closed,win-4s_step-1s,4.0,1.0,0.75,7,15,15.0,19.0,17.0,2400,3040,640,posterior_alpha_mean_psd,V^2/Hz,3.4658396988386184e-10
1,2,baseline_eyes_closed,win-4s_step-1s,4.0,1.0,0.75,7,16,16.0,20.0,18.0,2560,3200,640,posterior_alpha_mean_psd,V^2/Hz,4.131394205700344e-10
1,2,baseline_eyes_closed,win-4s_step-1s,4.0,1.0,0.75,7,17,17.0,21.0,19.0,2720,3360,640,posterior_alpha_mean_psd,V^2/Hz,3.5784201253106104e-10
1,2,baseline_eyes_closed,win-4s_step-1s,4.0,1.0,0.75,7,18,18.0,22.0,20.0,2880,3520,640,posterior_alpha_mean_psd,V^2/Hz,4.1557310185358157e-10
1,2,baseline_eyes_closed,win-4s_step-1s,4.0,1.0,0.75,7,19,19.0,23.0,21.0,3040,3680,640,posterior_alpha_mean_psd,V^2/Hz,5.372737293294453e-10
1,2,baseline_eyes_closed,win-4s_step-1s,4.0,1.0,0.75,7,20,20.0,24.0,22.0,3200,3840,640,posterior_alpha_mean_psd,V^2/Hz,5.341430330825052e-10
1,2,baseline_eyes_closed,win-4s_step-1s,4.0,1.0,0.75,7,21,21.0,25.0,23.0,3360,4000,640,posterior_alpha_mean_psd,V^2/Hz,5.475249012124192e-10
1,2,baseline_eyes_closed,win-4s_step-1s,4.0,1.0,0.75,7,22,22.0,26.0,24.0,3520,4160,640,posterior_alpha_mean_psd,V^2/Hz,5.448986218629361e-10
1,2,baseline_eyes_closed,win-4s_step-1s,4.0,1.0,0.75,7,23,23.0,27.0,25.0,3680,4320,640,posterior_alpha_mean_psd,V^2/Hz,7.266630173039552e-10
1,2,baseline_eyes_closed,win-4s_step-1s,4.0,1.0,0.75,7,24,24.0,28.0,26.0,3840,4480,640,posterior_alpha_mean_psd,V^2/Hz,7.77473465495784e-10
1,2,baseline_eyes_closed,win-4s_step-1s,4.0,1.0,0.75,7,25,25.0,29.0,27.0,4000,4640,640,posterior_alpha_mean_psd,V^2/Hz,9.876898863622713e-10
1,2,baseline_eyes_closed,win-4s_step-1s,4.0,1.0,0.75,7,26,26.0,30.0,28.0,4160,4800,640,posterior_alpha_mean_psd,V^2/Hz,7.992302971961529e-10
1,2,baseline_eyes_closed,win-4s_step-1s,4.0,1.0,0.75,7,27,27.0,31.0,29.0,4320,4960,640,posterior_alpha_mean_psd,V^2/Hz,6.86591919238514e-10
1,2,baseline_eyes_closed,win-4s_step-1s,4.0,1.0,0.75,7,28,28.0,32.0,30.0,4480,5120,640,posterior_alpha_mean_psd,V^2/Hz,6.857054861260318e-10
1,2,baseline_eyes_closed,win-4s_step-1s,4.0,1.0,0.75,7,29,29.0,33.0,31.0,4640,5280,640,posterior_alpha_mean_psd,V^2/Hz,6.005487034860764e-10
1,2,baseline_eyes_closed,win-4s_step-1s,4.0,1.0,0.75,7,30,30.0,34.0,32.0,4800,5440,640,posterior_alpha_mean_psd,V^2/Hz,5.268976032721633e-10
1,2,baseline_eyes_closed,win-4s_step-1s,4.0,1.0,0.75,7,31,31.0,35.0,33.0,4960,5600,640,posterior_alpha_mean_psd,V^2/Hz,4.95589616589653e-10
1,2,baseline_eyes_closed,win-4s_step-1s,4.0,1.0,0.75,7,32,32.0,36.0,34.0,5120,5760,640,posterior_alpha_mean_psd,V^2/Hz,4.385271701010349e-10
1,2,baseline_eyes_closed,win-4s_step-1s,4.0,1.0,0.75,7,33,33.0,37.0,35.0,5280,5920,640,posterior_alpha_mean_psd,V^2/Hz,4.802432548579213e-10
1,2,baseline_eyes_closed,win-4s_step-1s,4.0,1.0,0.75,7,34,34.0,38.0,36.0,5440,6080,640,posterior_alpha_mean_psd,V^2/Hz,4.490790361927021e-10
1,2,baseline_eyes_closed,win-4s_step-1s,4.0,1.0,0.75,7,35,35.0,39.0,37.0,5600,6240,640,posterior_alpha_mean_psd,V^2/Hz,3.089881098116874e-10
1,2,baseline_eyes_closed,win-4s_step-1s,4.0,1.0,0.75,7,36,36.0,40.0,38.0,5760,6400,640,posterior_alpha_mean_psd,V^2/Hz,4.117352349529175e-10
1,2,baseline_eyes_closed,win-4s_step-1s,4.0,1.0,0.75,7,37,37.0,41.0,39.0,5920,6560,640,posterior_alpha_mean_psd,V^2/Hz,4.754441513023948e-10
1,2,baseline_eyes_closed,win-4s_step-1s,4.0,1.0,0.75,7,38,38.0,42.0,40.0,6080,6720,640,posterior_alpha_mean_psd,V^2/Hz,6.012451793729653e-10
1,2,baseline_eyes_closed,win-4s_step-1s,4.0,1.0,0.75,7,39,39.0,43.0,41.0,6240,6880,640,posterior_alpha_mean_psd,V^2/Hz,5.78256485713465e-10
1,2,baseline_eyes_closed,win-4s_step-1s,4.0,1.0,0.75,7,40,40.0,44.0,42.0,6400,7040,640,posterior_alpha_mean_psd,V^2/Hz,7.350593284749842e-10
1,2,baseline_eyes_closed,win-4s_step-1s,4.0,1.0,0.75,7,41,41.0,45.0,43.0,6560,7200,640,posterior_alpha_mean_psd,V^2/Hz,7.306942221941587e-10
1,2,baseline_eyes_closed,win-4s_step-1s,4.0,1.0,0.75,7,42,42.0,46.0,44.0,6720,7360,640,posterior_alpha_mean_psd,V^2/Hz,7.659153174558486e-10
1,2,baseline_eyes_closed,win-4s_step-1s,4.0,1.0,0.75,7,43,43.0,47.0,45.0,6880,7520,640,posterior_alpha_mean_psd,V^2/Hz,7.550169046890935e-10
1,2,baseline_eyes_closed,win-4s_step-1s,4.0,1.0,0.75,7,44,44.0,48.0,46.0,7040,7680,640,posterior_alpha_mean_psd,V^2/Hz,4.315421041137272e-10
1,2,baseline_eyes_closed,win-4s_step-1s,4.0,1.0,0.75,7,45,45.0,49.0,47.0,7200,7840,640,posterior_alpha_mean_psd,V^2/Hz,6.65742233350327e-10
1,2,baseline_eyes_closed,win-4s_step-1s,4.0,1.0,0.75,7,46,46.0,50.0,48.0,7360,8000,640,posterior_alpha_mean_psd,V^2/Hz,7.445214160235064e-10
1,2,baseline_eyes_closed,win-4s_step-1s,4.0,1.0,0.75,7,47,47.0,51.0,49.0,7520,8160,640,posterior_alpha_mean_psd,V^2/Hz,8.201496802761787e-10
1,2,baseline_eyes_closed,win-4s_step-1s,4.0,1.0,0.75,7,48,48.0,52.0,50.0,7680,8320,640,posterior_alpha_mean_psd,V^2/Hz,8.358919567044516e-10
1,2,baseline_eyes_closed,win-4s_step-1s,4.0,1.0,0.75,7,49,49.0,53.0,51.0,7840,8480,640,posterior_alpha_mean_psd,V^2/Hz,7.878920118958724e-10
1,2,baseline_eyes_closed,win-4s_step-1s,4.0,1.0,0.75,7,50,50.0,54.0,52.0,8000,8640,640,posterior_alpha_mean_psd,V^2/Hz,9.188863515207782e-10
1,2,baseline_eyes_closed,win-4s_step-1s,4.0,1.0,0.75,7,51,51.0,55.0,53.0,8160,8800,640,posterior_alpha_mean_psd,V^2/Hz,6.595753477047071e-10
1,2,baseline_eyes_closed,win-4s_step-1s,4.0,1.0,0.75,7,52,52.0,56.0,54.0,8320,8960,640,posterior_alpha_mean_psd,V^2/Hz,5.816207370295988e-10
1,2,baseline_eyes_closed,win-4s_step-1s,4.0,1.0,0.75,7,53,53.0,57.0,55.0,8480,9120,640,posterior_alpha_mean_psd,V^2/Hz,5.136412266562687e-10
1,2,baseline_eyes_closed,win-4s_step-1s,4.0,1.0,0.75,7,54,54.0,58.0,56.0,8640,9280,640,posterior_alpha_mean_psd,V^2/Hz,6.78753963572794e-10
1,2,baseline_eyes_closed,win-4s_step-1s,4.0,1.0,0.75,7,55,55.0,59.0,57.0,8800,9440,640,posterior_alpha_mean_psd,V^2/Hz,8.272196285103663e-10
1,2,baseline_eyes_closed,win-4s_step-1s,4.0,1.0,0.75,7,56,56.0,60.0,58.0,8960,9600,640,posterior_alpha_mean_psd,V^2/Hz,9.37584434330277e-10
1,1,baseline_eyes_open,win-2s_step-0p5s,2.0,0.5,0.75,3,0,0.0,2.0,1.0,0,320,320,posterior_alpha_mean_psd,V^2/Hz,7.309492750606161e-11
1,1,baseline_eyes_open,win-2s_step-0p5s,2.0,0.5,0.75,3,1,0.5,2.5,1.5,80,400,320,posterior_alpha_mean_psd,V^2/Hz,2.518261981579943e-11
1,1,baseline_eyes_open,win-2s_step-0p5s,2.0,0.5,0.75,3,2,1.0,3.0,2.0,160,480,320,posterior_alpha_mean_psd,V^2/Hz,2.842361454802004e-11
1,1,baseline_eyes_open,win-2s_step-0p5s,2.0,0.5,0.75,3,3,1.5,3.5,2.5,240,560,320,posterior_alpha_mean_psd,V^2/Hz,3.1308673807668517e-11
1,1,baseline_eyes_open,win-2s_step-0p5s,2.0,0.5,0.75,3,4,2.0,4.0,3.0,320,640,320,posterior_alpha_mean_psd,V^2/Hz,2.8152674949028582e-11
1,1,baseline_eyes_open,win-2s_step-0p5s,2.0,0.5,0.75,3,5,2.5,4.5,3.5,400,720,320,posterior_alpha_mean_psd,V^2/Hz,2.7219978887433874e-11
1,1,baseline_eyes_open,win-2s_step-0p5s,2.0,0.5,0.75,3,6,3.0,5.0,4.0,480,800,320,posterior_alpha_mean_psd,V^2/Hz,1.590229267465739e-11
1,1,baseline_eyes_open,win-2s_step-0p5s,2.0,0.5,0.75,3,7,3.5,5.5,4.5,560,880,320,posterior_alpha_mean_psd,V^2/Hz,2.0648185552359713e-11
1,1,baseline_eyes_open,win-2s_step-0p5s,2.0,0.5,0.75,3,8,4.0,6.0,5.0,640,960,320,posterior_alpha_mean_psd,V^2/Hz,2.1689787465987362e-11
1,1,baseline_eyes_open,win-2s_step-0p5s,2.0,0.5,0.75,3,9,4.5,6.5,5.5,720,1040,320,posterior_alpha_mean_psd,V^2/Hz,2.9166761436837945e-11
1,1,baseline_eyes_open,win-2s_step-0p5s,2.0,0.5,0.75,3,10,5.0,7.0,6.0,800,1120,320,posterior_alpha_mean_psd,V^2/Hz,2.6266339346213654e-11
1,1,baseline_eyes_open,win-2s_step-0p5s,2.0,0.5,0.75,3,11,5.5,7.5,6.5,880,1200,320,posterior_alpha_mean_psd,V^2/Hz,3.1333099934345695e-11
1,1,baseline_eyes_open,win-2s_step-0p5s,2.0,0.5,0.75,3,12,6.0,8.0,7.0,960,1280,320,posterior_alpha_mean_psd,V^2/Hz,3.1123521575349794e-11
1,1,baseline_eyes_open,win-2s_step-0p5s,2.0,0.5,0.75,3,13,6.5,8.5,7.5,1040,1360,320,posterior_alpha_mean_psd,V^2/Hz,2.974538705994116e-11
1,1,baseline_eyes_open,win-2s_step-0p5s,2.0,0.5,0.75,3,14,7.0,9.0,8.0,1120,1440,320,posterior_alpha_mean_psd,V^2/Hz,2.7531517007287995e-11
1,1,baseline_eyes_open,win-2s_step-0p5s,2.0,0.5,0.75,3,15,7.5,9.5,8.5,1200,1520,320,posterior_alpha_mean_psd,V^2/Hz,1.9420118639532874e-11
1,1,baseline_eyes_open,win-2s_step-0p5s,2.0,0.5,0.75,3,16,8.0,10.0,9.0,1280,1600,320,posterior_alpha_mean_psd,V^2/Hz,2.4401089793044623e-11
1,1,baseline_eyes_open,win-2s_step-0p5s,2.0,0.5,0.75,3,17,8.5,10.5,9.5,1360,1680,320,posterior_alpha_mean_psd,V^2/Hz,3.160910934340707e-11
1,1,baseline_eyes_open,win-2s_step-0p5s,2.0,0.5,0.75,3,18,9.0,11.0,10.0,1440,1760,320,posterior_alpha_mean_psd,V^2/Hz,3.217606603905354e-11
1,1,baseline_eyes_open,win-2s_step-0p5s,2.0,0.5,0.75,3,19,9.5,11.5,10.5,1520,1840,320,posterior_alpha_mean_psd,V^2/Hz,2.6079142085626714e-11
1,1,baseline_eyes_open,win-2s_step-0p5s,2.0,0.5,0.75,3,20,10.0,12.0,11.0,1600,1920,320,posterior_alpha_mean_psd,V^2/Hz,2.8729685946630585e-11
1,1,baseline_eyes_open,win-2s_step-0p5s,2.0,0.5,0.75,3,21,10.5,12.5,11.5,1680,2000,320,posterior_alpha_mean_psd,V^2/Hz,3.693824812358819e-11
1,1,baseline_eyes_open,win-2s_step-0p5s,2.0,0.5,0.75,3,22,11.0,13.0,12.0,1760,2080,320,posterior_alpha_mean_psd,V^2/Hz,3.913282319334165e-11
1,1,baseline_eyes_open,win-2s_step-0p5s,2.0,0.5,0.75,3,23,11.5,13.5,12.5,1840,2160,320,posterior_alpha_mean_psd,V^2/Hz,3.0503112128602013e-11
1,1,baseline_eyes_open,win-2s_step-0p5s,2.0,0.5,0.75,3,24,12.0,14.0,13.0,1920,2240,320,posterior_alpha_mean_psd,V^2/Hz,3.113363468015894e-11
1,1,baseline_eyes_open,win-2s_step-0p5s,2.0,0.5,0.75,3,25,12.5,14.5,13.5,2000,2320,320,posterior_alpha_mean_psd,V^2/Hz,6.708567826216179e-11
1,1,baseline_eyes_open,win-2s_step-0p5s,2.0,0.5,0.75,3,26,13.0,15.0,14.0,2080,2400,320,posterior_alpha_mean_psd,V^2/Hz,6.312923015250507e-11
1,1,baseline_eyes_open,win-2s_step-0p5s,2.0,0.5,0.75,3,27,13.5,15.5,14.5,2160,2480,320,posterior_alpha_mean_psd,V^2/Hz,6.40571694558004e-11
1,1,baseline_eyes_open,win-2s_step-0p5s,2.0,0.5,0.75,3,28,14.0,16.0,15.0,2240,2560,320,posterior_alpha_mean_psd,V^2/Hz,3.252209914943961e-11
1,1,baseline_eyes_open,win-2s_step-0p5s,2.0,0.5,0.75,3,29,14.5,16.5,15.5,2320,2640,320,posterior_alpha_mean_psd,V^2/Hz,4.559674569221765e-11
1,1,baseline_eyes_open,win-2s_step-0p5s,2.0,0.5,0.75,3,30,15.0,17.0,16.0,2400,2720,320,posterior_alpha_mean_psd,V^2/Hz,4.6172086432683046e-11
1,1,baseline_eyes_open,win-2s_step-0p5s,2.0,0.5,0.75,3,31,15.5,17.5,16.5,2480,2800,320,posterior_alpha_mean_psd,V^2/Hz,6.027440252347718e-11
1,1,baseline_eyes_open,win-2s_step-0p5s,2.0,0.5,0.75,3,32,16.0,18.0,17.0,2560,2880,320,posterior_alpha_mean_psd,V^2/Hz,5.304498565775396e-11
1,1,baseline_eyes_open,win-2s_step-0p5s,2.0,0.5,0.75,3,33,16.5,18.5,17.5,2640,2960,320,posterior_alpha_mean_psd,V^2/Hz,4.388924322191391e-11
1,1,baseline_eyes_open,win-2s_step-0p5s,2.0,0.5,0.75,3,34,17.0,19.0,18.0,2720,3040,320,posterior_alpha_mean_psd,V^2/Hz,3.8094308589888325e-11
1,1,baseline_eyes_open,win-2s_step-0p5s,2.0,0.5,0.75,3,35,17.5,19.5,18.5,2800,3120,320,posterior_alpha_mean_psd,V^2/Hz,3.969468528493709e-11
1,1,baseline_eyes_open,win-2s_step-0p5s,2.0,0.5,0.75,3,36,18.0,20.0,19.0,2880,3200,320,posterior_alpha_mean_psd,V^2/Hz,4.6590219490905115e-11
1,1,baseline_eyes_open,win-2s_step-0p5s,2.0,0.5,0.75,3,37,18.5,20.5,19.5,2960,3280,320,posterior_alpha_mean_psd,V^2/Hz,4.7419675195805945e-11
1,1,baseline_eyes_open,win-2s_step-0p5s,2.0,0.5,0.75,3,38,19.0,21.0,20.0,3040,3360,320,posterior_alpha_mean_psd,V^2/Hz,4.507227917455705e-11
1,1,baseline_eyes_open,win-2s_step-0p5s,2.0,0.5,0.75,3,39,19.5,21.5,20.5,3120,3440,320,posterior_alpha_mean_psd,V^2/Hz,3.9983290705502486e-11
1,1,baseline_eyes_open,win-2s_step-0p5s,2.0,0.5,0.75,3,40,20.0,22.0,21.0,3200,3520,320,posterior_alpha_mean_psd,V^2/Hz,3.57952984169865e-11
1,1,baseline_eyes_open,win-2s_step-0p5s,2.0,0.5,0.75,3,41,20.5,22.5,21.5,3280,3600,320,posterior_alpha_mean_psd,V^2/Hz,2.8788922526082895e-11
1,1,baseline_eyes_open,win-2s_step-0p5s,2.0,0.5,0.75,3,42,21.0,23.0,22.0,3360,3680,320,posterior_alpha_mean_psd,V^2/Hz,2.839834363181843e-11
1,1,baseline_eyes_open,win-2s_step-0p5s,2.0,0.5,0.75,3,43,21.5,23.5,22.5,3440,3760,320,posterior_alpha_mean_psd,V^2/Hz,1.838383096371263e-11
1,1,baseline_eyes_open,win-2s_step-0p5s,2.0,0.5,0.75,3,44,22.0,24.0,23.0,3520,3840,320,posterior_alpha_mean_psd,V^2/Hz,3.5028042079973393e-11
1,1,baseline_eyes_open,win-2s_step-0p5s,2.0,0.5,0.75,3,45,22.5,24.5,23.5,3600,3920,320,posterior_alpha_mean_psd,V^2/Hz,3.7051740278371467e-11
1,1,baseline_eyes_open,win-2s_step-0p5s,2.0,0.5,0.75,3,46,23.0,25.0,24.0,3680,4000,320,posterior_alpha_mean_psd,V^2/Hz,3.958809706351897e-11
1,1,baseline_eyes_open,win-2s_step-0p5s,2.0,0.5,0.75,3,47,23.5,25.5,24.5,3760,4080,320,posterior_alpha_mean_psd,V^2/Hz,2.2942249881577684e-10
1,1,baseline_eyes_open,win-2s_step-0p5s,2.0,0.5,0.75,3,48,24.0,26.0,25.0,3840,4160,320,posterior_alpha_mean_psd,V^2/Hz,2.2324590666677288e-10
1,1,baseline_eyes_open,win-2s_step-0p5s,2.0,0.5,0.75,3,49,24.5,26.5,25.5,3920,4240,320,posterior_alpha_mean_psd,V^2/Hz,2.1949268832967302e-10
1,1,baseline_eyes_open,win-2s_step-0p5s,2.0,0.5,0.75,3,50,25.0,27.0,26.0,4000,4320,320,posterior_alpha_mean_psd,V^2/Hz,2.416687051052461e-11
1,1,baseline_eyes_open,win-2s_step-0p5s,2.0,0.5,0.75,3,51,25.5,27.5,26.5,4080,4400,320,posterior_alpha_mean_psd,V^2/Hz,5.1353129235584476e-11
1,1,baseline_eyes_open,win-2s_step-0p5s,2.0,0.5,0.75,3,52,26.0,28.0,27.0,4160,4480,320,posterior_alpha_mean_psd,V^2/Hz,5.6201174431403715e-11
1,1,baseline_eyes_open,win-2s_step-0p5s,2.0,0.5,0.75,3,53,26.5,28.5,27.5,4240,4560,320,posterior_alpha_mean_psd,V^2/Hz,4.96754637573192e-11
1,1,baseline_eyes_open,win-2s_step-0p5s,2.0,0.5,0.75,3,54,27.0,29.0,28.0,4320,4640,320,posterior_alpha_mean_psd,V^2/Hz,4.971198902653748e-11
1,1,baseline_eyes_open,win-2s_step-0p5s,2.0,0.5,0.75,3,55,27.5,29.5,28.5,4400,4720,320,posterior_alpha_mean_psd,V^2/Hz,6.49235689204633e-11
1,1,baseline_eyes_open,win-2s_step-0p5s,2.0,0.5,0.75,3,56,28.0,30.0,29.0,4480,4800,320,posterior_alpha_mean_psd,V^2/Hz,7.183756823186374e-11
1,1,baseline_eyes_open,win-2s_step-0p5s,2.0,0.5,0.75,3,57,28.5,30.5,29.5,4560,4880,320,posterior_alpha_mean_psd,V^2/Hz,5.0834121790502547e-11
1,1,baseline_eyes_open,win-2s_step-0p5s,2.0,0.5,0.75,3,58,29.0,31.0,30.0,4640,4960,320,posterior_alpha_mean_psd,V^2/Hz,4.0424785399486726e-11
1,1,baseline_eyes_open,win-2s_step-0p5s,2.0,0.5,0.75,3,59,29.5,31.5,30.5,4720,5040,320,posterior_alpha_mean_psd,V^2/Hz,3.768946779906143e-11
1,1,baseline_eyes_open,win-2s_step-0p5s,2.0,0.5,0.75,3,60,30.0,32.0,31.0,4800,5120,320,posterior_alpha_mean_psd,V^2/Hz,4.227431001468556e-11
1,1,baseline_eyes_open,win-2s_step-0p5s,2.0,0.5,0.75,3,61,30.5,32.5,31.5,4880,5200,320,posterior_alpha_mean_psd,V^2/Hz,3.451910933048633e-11
1,1,baseline_eyes_open,win-2s_step-0p5s,2.0,0.5,0.75,3,62,31.0,33.0,32.0,4960,5280,320,posterior_alpha_mean_psd,V^2/Hz,2.7761397495850796e-11
1,1,baseline_eyes_open,win-2s_step-0p5s,2.0,0.5,0.75,3,63,31.5,33.5,32.5,5040,5360,320,posterior_alpha_mean_psd,V^2/Hz,4.0442318580317385e-11
1,1,baseline_eyes_open,win-2s_step-0p5s,2.0,0.5,0.75,3,64,32.0,34.0,33.0,5120,5440,320,posterior_alpha_mean_psd,V^2/Hz,3.996241005951425e-11
1,1,baseline_eyes_open,win-2s_step-0p5s,2.0,0.5,0.75,3,65,32.5,34.5,33.5,5200,5520,320,posterior_alpha_mean_psd,V^2/Hz,4.55139255154746e-11
1,1,baseline_eyes_open,win-2s_step-0p5s,2.0,0.5,0.75,3,66,33.0,35.0,34.0,5280,5600,320,posterior_alpha_mean_psd,V^2/Hz,2.265024619992237e-11
1,1,baseline_eyes_open,win-2s_step-0p5s,2.0,0.5,0.75,3,67,33.5,35.5,34.5,5360,5680,320,posterior_alpha_mean_psd,V^2/Hz,2.8465289038520907e-11
1,1,baseline_eyes_open,win-2s_step-0p5s,2.0,0.5,0.75,3,68,34.0,36.0,35.0,5440,5760,320,posterior_alpha_mean_psd,V^2/Hz,2.5048212188368973e-11
1,1,baseline_eyes_open,win-2s_step-0p5s,2.0,0.5,0.75,3,69,34.5,36.5,35.5,5520,5840,320,posterior_alpha_mean_psd,V^2/Hz,3.833775989439932e-11
1,1,baseline_eyes_open,win-2s_step-0p5s,2.0,0.5,0.75,3,70,35.0,37.0,36.0,5600,5920,320,posterior_alpha_mean_psd,V^2/Hz,2.904383151105703e-11
1,1,baseline_eyes_open,win-2s_step-0p5s,2.0,0.5,0.75,3,71,35.5,37.5,36.5,5680,6000,320,posterior_alpha_mean_psd,V^2/Hz,3.813171346159446e-11
1,1,baseline_eyes_open,win-2s_step-0p5s,2.0,0.5,0.75,3,72,36.0,38.0,37.0,5760,6080,320,posterior_alpha_mean_psd,V^2/Hz,3.194172801537068e-11
1,1,baseline_eyes_open,win-2s_step-0p5s,2.0,0.5,0.75,3,73,36.5,38.5,37.5,5840,6160,320,posterior_alpha_mean_psd,V^2/Hz,4.8104368273837135e-11
1,1,baseline_eyes_open,win-2s_step-0p5s,2.0,0.5,0.75,3,74,37.0,39.0,38.0,5920,6240,320,posterior_alpha_mean_psd,V^2/Hz,4.85045374499518e-11
1,1,baseline_eyes_open,win-2s_step-0p5s,2.0,0.5,0.75,3,75,37.5,39.5,38.5,6000,6320,320,posterior_alpha_mean_psd,V^2/Hz,7.97899690857055e-11
1,1,baseline_eyes_open,win-2s_step-0p5s,2.0,0.5,0.75,3,76,38.0,40.0,39.0,6080,6400,320,posterior_alpha_mean_psd,V^2/Hz,8.266677780804465e-11
1,1,baseline_eyes_open,win-2s_step-0p5s,2.0,0.5,0.75,3,77,38.5,40.5,39.5,6160,6480,320,posterior_alpha_mean_psd,V^2/Hz,7.073326914362423e-11
1,1,baseline_eyes_open,win-2s_step-0p5s,2.0,0.5,0.75,3,78,39.0,41.0,40.0,6240,6560,320,posterior_alpha_mean_psd,V^2/Hz,4.228726778557154e-11
1,1,baseline_eyes_open,win-2s_step-0p5s,2.0,0.5,0.75,3,79,39.5,41.5,40.5,6320,6640,320,posterior_alpha_mean_psd,V^2/Hz,7.021677329582185e-11
1,1,baseline_eyes_open,win-2s_step-0p5s,2.0,0.5,0.75,3,80,40.0,42.0,41.0,6400,6720,320,posterior_alpha_mean_psd,V^2/Hz,7.570607472829475e-11
1,1,baseline_eyes_open,win-2s_step-0p5s,2.0,0.5,0.75,3,81,40.5,42.5,41.5,6480,6800,320,posterior_alpha_mean_psd,V^2/Hz,7.999854585500272e-11
1,1,baseline_eyes_open,win-2s_step-0p5s,2.0,0.5,0.75,3,82,41.0,43.0,42.0,6560,6880,320,posterior_alpha_mean_psd,V^2/Hz,4.013248301385884e-11
1,1,baseline_eyes_open,win-2s_step-0p5s,2.0,0.5,0.75,3,83,41.5,43.5,42.5,6640,6960,320,posterior_alpha_mean_psd,V^2/Hz,4.916694172598628e-11
1,1,baseline_eyes_open,win-2s_step-0p5s,2.0,0.5,0.75,3,84,42.0,44.0,43.0,6720,7040,320,posterior_alpha_mean_psd,V^2/Hz,4.425320605324195e-11
1,1,baseline_eyes_open,win-2s_step-0p5s,2.0,0.5,0.75,3,85,42.5,44.5,43.5,6800,7120,320,posterior_alpha_mean_psd,V^2/Hz,5.706151361423006e-11
1,1,baseline_eyes_open,win-2s_step-0p5s,2.0,0.5,0.75,3,86,43.0,45.0,44.0,6880,7200,320,posterior_alpha_mean_psd,V^2/Hz,4.713757801700253e-11
1,1,baseline_eyes_open,win-2s_step-0p5s,2.0,0.5,0.75,3,87,43.5,45.5,44.5,6960,7280,320,posterior_alpha_mean_psd,V^2/Hz,5.912017315325988e-11
1,1,baseline_eyes_open,win-2s_step-0p5s,2.0,0.5,0.75,3,88,44.0,46.0,45.0,7040,7360,320,posterior_alpha_mean_psd,V^2/Hz,6.55935563093422e-11
1,1,baseline_eyes_open,win-2s_step-0p5s,2.0,0.5,0.75,3,89,44.5,46.5,45.5,7120,7440,320,posterior_alpha_mean_psd,V^2/Hz,6.304722339616237e-11
1,1,baseline_eyes_open,win-2s_step-0p5s,2.0,0.5,0.75,3,90,45.0,47.0,46.0,7200,7520,320,posterior_alpha_mean_psd,V^2/Hz,8.604468211491684e-11
1,1,baseline_eyes_open,win-2s_step-0p5s,2.0,0.5,0.75,3,91,45.5,47.5,46.5,7280,7600,320,posterior_alpha_mean_psd,V^2/Hz,6.381925466639163e-11
1,1,baseline_eyes_open,win-2s_step-0p5s,2.0,0.5,0.75,3,92,46.0,48.0,47.0,7360,7680,320,posterior_alpha_mean_psd,V^2/Hz,8.304990547928864e-11
1,1,baseline_eyes_open,win-2s_step-0p5s,2.0,0.5,0.75,3,93,46.5,48.5,47.5,7440,7760,320,posterior_alpha_mean_psd,V^2/Hz,5.881625994988862e-11
1,1,baseline_eyes_open,win-2s_step-0p5s,2.0,0.5,0.75,3,94,47.0,49.0,48.0,7520,7840,320,posterior_alpha_mean_psd,V^2/Hz,6.617174811957063e-11
1,1,baseline_eyes_open,win-2s_step-0p5s,2.0,0.5,0.75,3,95,47.5,49.5,48.5,7600,7920,320,posterior_alpha_mean_psd,V^2/Hz,5.597623570542977e-11
1,1,baseline_eyes_open,win-2s_step-0p5s,2.0,0.5,0.75,3,96,48.0,50.0,49.0,7680,8000,320,posterior_alpha_mean_psd,V^2/Hz,4.2721571244968043e-11
1,1,baseline_eyes_open,win-2s_step-0p5s,2.0,0.5,0.75,3,97,48.5,50.5,49.5,7760,8080,320,posterior_alpha_mean_psd,V^2/Hz,5.0835625600596705e-11
1,1,baseline_eyes_open,win-2s_step-0p5s,2.0,0.5,0.75,3,98,49.0,51.0,50.0,7840,8160,320,posterior_alpha_mean_psd,V^2/Hz,4.194756380159449e-11
1,1,baseline_eyes_open,win-2s_step-0p5s,2.0,0.5,0.75,3,99,49.5,51.5,50.5,7920,8240,320,posterior_alpha_mean_psd,V^2/Hz,4.4625195752545926e-11
1,1,baseline_eyes_open,win-2s_step-0p5s,2.0,0.5,0.75,3,100,50.0,52.0,51.0,8000,8320,320,posterior_alpha_mean_psd,V^2/Hz,2.7317217286231865e-11
1,1,baseline_eyes_open,win-2s_step-0p5s,2.0,0.5,0.75,3,101,50.5,52.5,51.5,8080,8400,320,posterior_alpha_mean_psd,V^2/Hz,3.4015523428770767e-11
1,1,baseline_eyes_open,win-2s_step-0p5s,2.0,0.5,0.75,3,102,51.0,53.0,52.0,8160,8480,320,posterior_alpha_mean_psd,V^2/Hz,2.6730030422966533e-11
1,1,baseline_eyes_open,win-2s_step-0p5s,2.0,0.5,0.75,3,103,51.5,53.5,52.5,8240,8560,320,posterior_alpha_mean_psd,V^2/Hz,2.7448452678491738e-11
1,1,baseline_eyes_open,win-2s_step-0p5s,2.0,0.5,0.75,3,104,52.0,54.0,53.0,8320,8640,320,posterior_alpha_mean_psd,V^2/Hz,1.7898612093770963e-11
1,1,baseline_eyes_open,win-2s_step-0p5s,2.0,0.5,0.75,3,105,52.5,54.5,53.5,8400,8720,320,posterior_alpha_mean_psd,V^2/Hz,1.9158250356930208e-11
1,1,baseline_eyes_open,win-2s_step-0p5s,2.0,0.5,0.75,3,106,53.0,55.0,54.0,8480,8800,320,posterior_alpha_mean_psd,V^2/Hz,2.3450505677582405e-11
1,1,baseline_eyes_open,win-2s_step-0p5s,2.0,0.5,0.75,3,107,53.5,55.5,54.5,8560,8880,320,posterior_alpha_mean_psd,V^2/Hz,3.0743969086837407e-11
1,1,baseline_eyes_open,win-2s_step-0p5s,2.0,0.5,0.75,3,108,54.0,56.0,55.0,8640,8960,320,posterior_alpha_mean_psd,V^2/Hz,3.009575341874941e-11
1,1,baseline_eyes_open,win-2s_step-0p5s,2.0,0.5,0.75,3,109,54.5,56.5,55.5,8720,9040,320,posterior_alpha_mean_psd,V^2/Hz,3.374891516722577e-11
1,1,baseline_eyes_open,win-2s_step-0p5s,2.0,0.5,0.75,3,110,55.0,57.0,56.0,8800,9120,320,posterior_alpha_mean_psd,V^2/Hz,4.7055729043029044e-11
1,1,baseline_eyes_open,win-2s_step-0p5s,2.0,0.5,0.75,3,111,55.5,57.5,56.5,8880,9200,320,posterior_alpha_mean_psd,V^2/Hz,4.3343356782927026e-11
1,1,baseline_eyes_open,win-2s_step-0p5s,2.0,0.5,0.75,3,112,56.0,58.0,57.0,8960,9280,320,posterior_alpha_mean_psd,V^2/Hz,4.783569606609416e-11
1,1,baseline_eyes_open,win-2s_step-0p5s,2.0,0.5,0.75,3,113,56.5,58.5,57.5,9040,9360,320,posterior_alpha_mean_psd,V^2/Hz,2.933942658297155e-11
1,1,baseline_eyes_open,win-2s_step-0p5s,2.0,0.5,0.75,3,114,57.0,59.0,58.0,9120,9440,320,posterior_alpha_mean_psd,V^2/Hz,4.811581427883332e-11
1,1,baseline_eyes_open,win-2s_step-0p5s,2.0,0.5,0.75,3,115,57.5,59.5,58.5,9200,9520,320,posterior_alpha_mean_psd,V^2/Hz,4.9465957498956396e-11
1,1,baseline_eyes_open,win-2s_step-0p5s,2.0,0.5,0.75,3,116,58.0,60.0,59.0,9280,9600,320,posterior_alpha_mean_psd,V^2/Hz,5.843671409417565e-11
1,2,baseline_eyes_closed,win-2s_step-0p5s,2.0,0.5,0.75,3,0,0.0,2.0,1.0,0,320,320,posterior_alpha_mean_psd,V^2/Hz,4.2916755355036793e-10
1,2,baseline_eyes_closed,win-2s_step-0p5s,2.0,0.5,0.75,3,1,0.5,2.5,1.5,80,400,320,posterior_alpha_mean_psd,V^2/Hz,5.291647265854158e-10
1,2,baseline_eyes_closed,win-2s_step-0p5s,2.0,0.5,0.75,3,2,1.0,3.0,2.0,160,480,320,posterior_alpha_mean_psd,V^2/Hz,5.876672829757239e-10
1,2,baseline_eyes_closed,win-2s_step-0p5s,2.0,0.5,0.75,3,3,1.5,3.5,2.5,240,560,320,posterior_alpha_mean_psd,V^2/Hz,4.790139786384146e-10
1,2,baseline_eyes_closed,win-2s_step-0p5s,2.0,0.5,0.75,3,4,2.0,4.0,3.0,320,640,320,posterior_alpha_mean_psd,V^2/Hz,2.5595067105345723e-10
1,2,baseline_eyes_closed,win-2s_step-0p5s,2.0,0.5,0.75,3,5,2.5,4.5,3.5,400,720,320,posterior_alpha_mean_psd,V^2/Hz,3.432475379242213e-10
1,2,baseline_eyes_closed,win-2s_step-0p5s,2.0,0.5,0.75,3,6,3.0,5.0,4.0,480,800,320,posterior_alpha_mean_psd,V^2/Hz,3.621692447822475e-10
1,2,baseline_eyes_closed,win-2s_step-0p5s,2.0,0.5,0.75,3,7,3.5,5.5,4.5,560,880,320,posterior_alpha_mean_psd,V^2/Hz,2.83631591861416e-10
1,2,baseline_eyes_closed,win-2s_step-0p5s,2.0,0.5,0.75,3,8,4.0,6.0,5.0,640,960,320,posterior_alpha_mean_psd,V^2/Hz,1.604935123900181e-10
1,2,baseline_eyes_closed,win-2s_step-0p5s,2.0,0.5,0.75,3,9,4.5,6.5,5.5,720,1040,320,posterior_alpha_mean_psd,V^2/Hz,1.7322188820889084e-10
1,2,baseline_eyes_closed,win-2s_step-0p5s,2.0,0.5,0.75,3,10,5.0,7.0,6.0,800,1120,320,posterior_alpha_mean_psd,V^2/Hz,2.1305056869483822e-10
1,2,baseline_eyes_closed,win-2s_step-0p5s,2.0,0.5,0.75,3,11,5.5,7.5,6.5,880,1200,320,posterior_alpha_mean_psd,V^2/Hz,2.851068185428718e-10
1,2,baseline_eyes_closed,win-2s_step-0p5s,2.0,0.5,0.75,3,12,6.0,8.0,7.0,960,1280,320,posterior_alpha_mean_psd,V^2/Hz,2.496702511753018e-10
1,2,baseline_eyes_closed,win-2s_step-0p5s,2.0,0.5,0.75,3,13,6.5,8.5,7.5,1040,1360,320,posterior_alpha_mean_psd,V^2/Hz,2.605744040807694e-10
1,2,baseline_eyes_closed,win-2s_step-0p5s,2.0,0.5,0.75,3,14,7.0,9.0,8.0,1120,1440,320,posterior_alpha_mean_psd,V^2/Hz,2.3875301618418144e-10
1,2,baseline_eyes_closed,win-2s_step-0p5s,2.0,0.5,0.75,3,15,7.5,9.5,8.5,1200,1520,320,posterior_alpha_mean_psd,V^2/Hz,3.9440818398437344e-10
1,2,baseline_eyes_closed,win-2s_step-0p5s,2.0,0.5,0.75,3,16,8.0,10.0,9.0,1280,1600,320,posterior_alpha_mean_psd,V^2/Hz,4.064612839407884e-10
1,2,baseline_eyes_closed,win-2s_step-0p5s,2.0,0.5,0.75,3,17,8.5,10.5,9.5,1360,1680,320,posterior_alpha_mean_psd,V^2/Hz,4.178515967566072e-10
1,2,baseline_eyes_closed,win-2s_step-0p5s,2.0,0.5,0.75,3,18,9.0,11.0,10.0,1440,1760,320,posterior_alpha_mean_psd,V^2/Hz,3.0624414851171974e-10
1,2,baseline_eyes_closed,win-2s_step-0p5s,2.0,0.5,0.75,3,19,9.5,11.5,10.5,1520,1840,320,posterior_alpha_mean_psd,V^2/Hz,3.905766199653335e-10
1,2,baseline_eyes_closed,win-2s_step-0p5s,2.0,0.5,0.75,3,20,10.0,12.0,11.0,1600,1920,320,posterior_alpha_mean_psd,V^2/Hz,3.91968184503194e-10
1,2,baseline_eyes_closed,win-2s_step-0p5s,2.0,0.5,0.75,3,21,10.5,12.5,11.5,1680,2000,320,posterior_alpha_mean_psd,V^2/Hz,6.212057969304113e-10
1,2,baseline_eyes_closed,win-2s_step-0p5s,2.0,0.5,0.75,3,22,11.0,13.0,12.0,1760,2080,320,posterior_alpha_mean_psd,V^2/Hz,6.143468310832277e-10
1,2,baseline_eyes_closed,win-2s_step-0p5s,2.0,0.5,0.75,3,23,11.5,13.5,12.5,1840,2160,320,posterior_alpha_mean_psd,V^2/Hz,5.712890689115789e-10
1,2,baseline_eyes_closed,win-2s_step-0p5s,2.0,0.5,0.75,3,24,12.0,14.0,13.0,1920,2240,320,posterior_alpha_mean_psd,V^2/Hz,3.291174458083052e-10
1,2,baseline_eyes_closed,win-2s_step-0p5s,2.0,0.5,0.75,3,25,12.5,14.5,13.5,2000,2320,320,posterior_alpha_mean_psd,V^2/Hz,2.6574432100059403e-10
1,2,baseline_eyes_closed,win-2s_step-0p5s,2.0,0.5,0.75,3,26,13.0,15.0,14.0,2080,2400,320,posterior_alpha_mean_psd,V^2/Hz,3.071999719849245e-10
1,2,baseline_eyes_closed,win-2s_step-0p5s,2.0,0.5,0.75,3,27,13.5,15.5,14.5,2160,2480,320,posterior_alpha_mean_psd,V^2/Hz,3.9395390930682473e-10
1,2,baseline_eyes_closed,win-2s_step-0p5s,2.0,0.5,0.75,3,28,14.0,16.0,15.0,2240,2560,320,posterior_alpha_mean_psd,V^2/Hz,4.57740031650973e-10
1,2,baseline_eyes_closed,win-2s_step-0p5s,2.0,0.5,0.75,3,29,14.5,16.5,15.5,2320,2640,320,posterior_alpha_mean_psd,V^2/Hz,4.086552678233322e-10
1,2,baseline_eyes_closed,win-2s_step-0p5s,2.0,0.5,0.75,3,30,15.0,17.0,16.0,2400,2720,320,posterior_alpha_mean_psd,V^2/Hz,3.165693846654092e-10
1,2,baseline_eyes_closed,win-2s_step-0p5s,2.0,0.5,0.75,3,31,15.5,17.5,16.5,2480,2800,320,posterior_alpha_mean_psd,V^2/Hz,3.7649479173747545e-10
1,2,baseline_eyes_closed,win-2s_step-0p5s,2.0,0.5,0.75,3,32,16.0,18.0,17.0,2560,2880,320,posterior_alpha_mean_psd,V^2/Hz,4.0801593611763825e-10
1,2,baseline_eyes_closed,win-2s_step-0p5s,2.0,0.5,0.75,3,33,16.5,18.5,17.5,2640,2960,320,posterior_alpha_mean_psd,V^2/Hz,4.048513262815562e-10
1,2,baseline_eyes_closed,win-2s_step-0p5s,2.0,0.5,0.75,3,34,17.0,19.0,18.0,2720,3040,320,posterior_alpha_mean_psd,V^2/Hz,2.7267030714894695e-10
1,2,baseline_eyes_closed,win-2s_step-0p5s,2.0,0.5,0.75,3,35,17.5,19.5,18.5,2800,3120,320,posterior_alpha_mean_psd,V^2/Hz,3.1497354284440514e-10
1,2,baseline_eyes_closed,win-2s_step-0p5s,2.0,0.5,0.75,3,36,18.0,20.0,19.0,2880,3200,320,posterior_alpha_mean_psd,V^2/Hz,4.837383549996996e-10
1,2,baseline_eyes_closed,win-2s_step-0p5s,2.0,0.5,0.75,3,37,18.5,20.5,19.5,2960,3280,320,posterior_alpha_mean_psd,V^2/Hz,4.676406116367941e-10
1,2,baseline_eyes_closed,win-2s_step-0p5s,2.0,0.5,0.75,3,38,19.0,21.0,20.0,3040,3360,320,posterior_alpha_mean_psd,V^2/Hz,4.0683375490724504e-10
1,2,baseline_eyes_closed,win-2s_step-0p5s,2.0,0.5,0.75,3,39,19.5,21.5,20.5,3120,3440,320,posterior_alpha_mean_psd,V^2/Hz,2.676011598153356e-10
1,2,baseline_eyes_closed,win-2s_step-0p5s,2.0,0.5,0.75,3,40,20.0,22.0,21.0,3200,3520,320,posterior_alpha_mean_psd,V^2/Hz,4.147547405728506e-10
1,2,baseline_eyes_closed,win-2s_step-0p5s,2.0,0.5,0.75,3,41,20.5,22.5,21.5,3280,3600,320,posterior_alpha_mean_psd,V^2/Hz,4.914592995495119e-10
1,2,baseline_eyes_closed,win-2s_step-0p5s,2.0,0.5,0.75,3,42,21.0,23.0,22.0,3360,3680,320,posterior_alpha_mean_psd,V^2/Hz,7.450350395853333e-10
1,2,baseline_eyes_closed,win-2s_step-0p5s,2.0,0.5,0.75,3,43,21.5,23.5,22.5,3440,3760,320,posterior_alpha_mean_psd,V^2/Hz,6.875327976842496e-10
1,2,baseline_eyes_closed,win-2s_step-0p5s,2.0,0.5,0.75,3,44,22.0,24.0,23.0,3520,3840,320,posterior_alpha_mean_psd,V^2/Hz,6.602206671895991e-10
1,2,baseline_eyes_closed,win-2s_step-0p5s,2.0,0.5,0.75,3,45,22.5,24.5,23.5,3600,3920,320,posterior_alpha_mean_psd,V^2/Hz,3.3736345011890946e-10
1,2,baseline_eyes_closed,win-2s_step-0p5s,2.0,0.5,0.75,3,46,23.0,25.0,24.0,3680,4000,320,posterior_alpha_mean_psd,V^2/Hz,3.7169424896807326e-10
1,2,baseline_eyes_closed,win-2s_step-0p5s,2.0,0.5,0.75,3,47,23.5,25.5,24.5,3760,4080,320,posterior_alpha_mean_psd,V^2/Hz,2.8540194200110404e-10
1,2,baseline_eyes_closed,win-2s_step-0p5s,2.0,0.5,0.75,3,48,24.0,26.0,25.0,3840,4160,320,posterior_alpha_mean_psd,V^2/Hz,5.787210202493262e-10
1,2,baseline_eyes_closed,win-2s_step-0p5s,2.0,0.5,0.75,3,49,24.5,26.5,25.5,3920,4240,320,posterior_alpha_mean_psd,V^2/Hz,8.957265986880716e-10
1,2,baseline_eyes_closed,win-2s_step-0p5s,2.0,0.5,0.75,3,50,25.0,27.0,26.0,4000,4320,320,posterior_alpha_mean_psd,V^2/Hz,1.266098892772713e-09
1,2,baseline_eyes_closed,win-2s_step-0p5s,2.0,0.5,0.75,3,51,25.5,27.5,26.5,4080,4400,320,posterior_alpha_mean_psd,V^2/Hz,1.0721220606509548e-09
1,2,baseline_eyes_closed,win-2s_step-0p5s,2.0,0.5,0.75,3,52,26.0,28.0,27.0,4160,4480,320,posterior_alpha_mean_psd,V^2/Hz,7.232185410106892e-10
1,2,baseline_eyes_closed,win-2s_step-0p5s,2.0,0.5,0.75,3,53,26.5,28.5,27.5,4240,4560,320,posterior_alpha_mean_psd,V^2/Hz,7.294518146139613e-10
1,2,baseline_eyes_closed,win-2s_step-0p5s,2.0,0.5,0.75,3,54,27.0,29.0,28.0,4320,4640,320,posterior_alpha_mean_psd,V^2/Hz,9.066801657048639e-10
1,2,baseline_eyes_closed,win-2s_step-0p5s,2.0,0.5,0.75,3,55,27.5,29.5,28.5,4400,4720,320,posterior_alpha_mean_psd,V^2/Hz,9.349604392785173e-10
1,2,baseline_eyes_closed,win-2s_step-0p5s,2.0,0.5,0.75,3,56,28.0,30.0,29.0,4480,4800,320,posterior_alpha_mean_psd,V^2/Hz,7.072926861239779e-10
1,2,baseline_eyes_closed,win-2s_step-0p5s,2.0,0.5,0.75,3,57,28.5,30.5,29.5,4560,4880,320,posterior_alpha_mean_psd,V^2/Hz,5.525865546045545e-10
1,2,baseline_eyes_closed,win-2s_step-0p5s,2.0,0.5,0.75,3,58,29.0,31.0,30.0,4640,4960,320,posterior_alpha_mean_psd,V^2/Hz,5.038257003548005e-10
1,2,baseline_eyes_closed,win-2s_step-0p5s,2.0,0.5,0.75,3,59,29.5,31.5,30.5,4720,5040,320,posterior_alpha_mean_psd,V^2/Hz,6.41518850599399e-10
1,2,baseline_eyes_closed,win-2s_step-0p5s,2.0,0.5,0.75,3,60,30.0,32.0,31.0,4800,5120,320,posterior_alpha_mean_psd,V^2/Hz,7.383338855642272e-10
1,2,baseline_eyes_closed,win-2s_step-0p5s,2.0,0.5,0.75,3,61,30.5,32.5,31.5,4880,5200,320,posterior_alpha_mean_psd,V^2/Hz,8.347248793486852e-10
1,2,baseline_eyes_closed,win-2s_step-0p5s,2.0,0.5,0.75,3,62,31.0,33.0,32.0,4960,5280,320,posterior_alpha_mean_psd,V^2/Hz,5.530697443662959e-10
1,2,baseline_eyes_closed,win-2s_step-0p5s,2.0,0.5,0.75,3,63,31.5,33.5,32.5,5040,5360,320,posterior_alpha_mean_psd,V^2/Hz,3.7934960740690764e-10
1,2,baseline_eyes_closed,win-2s_step-0p5s,2.0,0.5,0.75,3,64,32.0,34.0,33.0,5120,5440,320,posterior_alpha_mean_psd,V^2/Hz,2.519217703725816e-10
1,2,baseline_eyes_closed,win-2s_step-0p5s,2.0,0.5,0.75,3,65,32.5,34.5,33.5,5200,5520,320,posterior_alpha_mean_psd,V^2/Hz,3.772836035852635e-10
1,2,baseline_eyes_closed,win-2s_step-0p5s,2.0,0.5,0.75,3,66,33.0,35.0,34.0,5280,5600,320,posterior_alpha_mean_psd,V^2/Hz,5.258582337315854e-10
1,2,baseline_eyes_closed,win-2s_step-0p5s,2.0,0.5,0.75,3,67,33.5,35.5,34.5,5360,5680,320,posterior_alpha_mean_psd,V^2/Hz,6.141050410516115e-10
1,2,baseline_eyes_closed,win-2s_step-0p5s,2.0,0.5,0.75,3,68,34.0,36.0,35.0,5440,5760,320,posterior_alpha_mean_psd,V^2/Hz,5.832167315531251e-10
1,2,baseline_eyes_closed,win-2s_step-0p5s,2.0,0.5,0.75,3,69,34.5,36.5,35.5,5520,5840,320,posterior_alpha_mean_psd,V^2/Hz,4.4976564880137905e-10
1,2,baseline_eyes_closed,win-2s_step-0p5s,2.0,0.5,0.75,3,70,35.0,37.0,36.0,5600,5920,320,posterior_alpha_mean_psd,V^2/Hz,3.9471830561962513e-10
1,2,baseline_eyes_closed,win-2s_step-0p5s,2.0,0.5,0.75,3,71,35.5,37.5,36.5,5680,6000,320,posterior_alpha_mean_psd,V^2/Hz,3.4701728738900655e-10
1,2,baseline_eyes_closed,win-2s_step-0p5s,2.0,0.5,0.75,3,72,36.0,38.0,37.0,5760,6080,320,posterior_alpha_mean_psd,V^2/Hz,3.72063011557295e-10
1,2,baseline_eyes_closed,win-2s_step-0p5s,2.0,0.5,0.75,3,73,36.5,38.5,37.5,5840,6160,320,posterior_alpha_mean_psd,V^2/Hz,2.888243401552994e-10
1,2,baseline_eyes_closed,win-2s_step-0p5s,2.0,0.5,0.75,3,74,37.0,39.0,38.0,5920,6240,320,posterior_alpha_mean_psd,V^2/Hz,2.1675171669337586e-10
1,2,baseline_eyes_closed,win-2s_step-0p5s,2.0,0.5,0.75,3,75,37.5,39.5,38.5,6000,6320,320,posterior_alpha_mean_psd,V^2/Hz,4.6066886322399745e-10
1,2,baseline_eyes_closed,win-2s_step-0p5s,2.0,0.5,0.75,3,76,38.0,40.0,39.0,6080,6400,320,posterior_alpha_mean_psd,V^2/Hz,5.269474959326561e-10
1,2,baseline_eyes_closed,win-2s_step-0p5s,2.0,0.5,0.75,3,77,38.5,40.5,39.5,6160,6480,320,posterior_alpha_mean_psd,V^2/Hz,7.32732838896163e-10
1,2,baseline_eyes_closed,win-2s_step-0p5s,2.0,0.5,0.75,3,78,39.0,41.0,40.0,6240,6560,320,posterior_alpha_mean_psd,V^2/Hz,5.310837576407506e-10
1,2,baseline_eyes_closed,win-2s_step-0p5s,2.0,0.5,0.75,3,79,39.5,41.5,40.5,6320,6640,320,posterior_alpha_mean_psd,V^2/Hz,7.242576880369522e-10
1,2,baseline_eyes_closed,win-2s_step-0p5s,2.0,0.5,0.75,3,80,40.0,42.0,41.0,6400,6720,320,posterior_alpha_mean_psd,V^2/Hz,6.327429691884095e-10
1,2,baseline_eyes_closed,win-2s_step-0p5s,2.0,0.5,0.75,3,81,40.5,42.5,41.5,6480,6800,320,posterior_alpha_mean_psd,V^2/Hz,5.711531781900076e-10
1,2,baseline_eyes_closed,win-2s_step-0p5s,2.0,0.5,0.75,3,82,41.0,43.0,42.0,6560,6880,320,posterior_alpha_mean_psd,V^2/Hz,4.97023771852284e-10
1,2,baseline_eyes_closed,win-2s_step-0p5s,2.0,0.5,0.75,3,83,41.5,43.5,42.5,6640,6960,320,posterior_alpha_mean_psd,V^2/Hz,4.742847815266761e-10
1,2,baseline_eyes_closed,win-2s_step-0p5s,2.0,0.5,0.75,3,84,42.0,44.0,43.0,6720,7040,320,posterior_alpha_mean_psd,V^2/Hz,9.84100124135573e-10
1,2,baseline_eyes_closed,win-2s_step-0p5s,2.0,0.5,0.75,3,85,42.5,44.5,43.5,6800,7120,320,posterior_alpha_mean_psd,V^2/Hz,1.11743175921648e-09
1,2,baseline_eyes_closed,win-2s_step-0p5s,2.0,0.5,0.75,3,86,43.0,45.0,44.0,6880,7200,320,posterior_alpha_mean_psd,V^2/Hz,1.0789681690257175e-09
1,2,baseline_eyes_closed,win-2s_step-0p5s,2.0,0.5,0.75,3,87,43.5,45.5,44.5,6960,7280,320,posterior_alpha_mean_psd,V^2/Hz,5.945549338850947e-10
1,2,baseline_eyes_closed,win-2s_step-0p5s,2.0,0.5,0.75,3,88,44.0,46.0,45.0,7040,7360,320,posterior_alpha_mean_psd,V^2/Hz,4.2267578401317304e-10
1,2,baseline_eyes_closed,win-2s_step-0p5s,2.0,0.5,0.75,3,89,44.5,46.5,45.5,7120,7440,320,posterior_alpha_mean_psd,V^2/Hz,5.672426727214187e-10
1,2,baseline_eyes_closed,win-2s_step-0p5s,2.0,0.5,0.75,3,90,45.0,47.0,46.0,7200,7520,320,posterior_alpha_mean_psd,V^2/Hz,5.590404946629128e-10
1,2,baseline_eyes_closed,win-2s_step-0p5s,2.0,0.5,0.75,3,91,45.5,47.5,46.5,7280,7600,320,posterior_alpha_mean_psd,V^2/Hz,4.2712341578593845e-10
1,2,baseline_eyes_closed,win-2s_step-0p5s,2.0,0.5,0.75,3,92,46.0,48.0,47.0,7360,7680,320,posterior_alpha_mean_psd,V^2/Hz,3.4919124949300497e-10
1,2,baseline_eyes_closed,win-2s_step-0p5s,2.0,0.5,0.75,3,93,46.5,48.5,47.5,7440,7760,320,posterior_alpha_mean_psd,V^2/Hz,8.179264797737909e-10
1,2,baseline_eyes_closed,win-2s_step-0p5s,2.0,0.5,0.75,3,94,47.0,49.0,48.0,7520,7840,320,posterior_alpha_mean_psd,V^2/Hz,9.177944459885127e-10
1,2,baseline_eyes_closed,win-2s_step-0p5s,2.0,0.5,0.75,3,95,47.5,49.5,48.5,7600,7920,320,posterior_alpha_mean_psd,V^2/Hz,1.2770500085323927e-09
1,2,baseline_eyes_closed,win-2s_step-0p5s,2.0,0.5,0.75,3,96,48.0,50.0,49.0,7680,8000,320,posterior_alpha_mean_psd,V^2/Hz,8.037948884203086e-10
1,2,baseline_eyes_closed,win-2s_step-0p5s,2.0,0.5,0.75,3,97,48.5,50.5,49.5,7760,8080,320,posterior_alpha_mean_psd,V^2/Hz,7.107617263020656e-10
1,2,baseline_eyes_closed,win-2s_step-0p5s,2.0,0.5,0.75,3,98,49.0,51.0,50.0,7840,8160,320,posterior_alpha_mean_psd,V^2/Hz,4.795002023124394e-10
1,2,baseline_eyes_closed,win-2s_step-0p5s,2.0,0.5,0.75,3,99,49.5,51.5,50.5,7920,8240,320,posterior_alpha_mean_psd,V^2/Hz,9.13993895866212e-10
1,2,baseline_eyes_closed,win-2s_step-0p5s,2.0,0.5,0.75,3,100,50.0,52.0,51.0,8000,8320,320,posterior_alpha_mean_psd,V^2/Hz,1.0632212692942622e-09
1,2,baseline_eyes_closed,win-2s_step-0p5s,2.0,0.5,0.75,3,101,50.5,52.5,51.5,8080,8400,320,posterior_alpha_mean_psd,V^2/Hz,1.1761653563423727e-09
1,2,baseline_eyes_closed,win-2s_step-0p5s,2.0,0.5,0.75,3,102,51.0,53.0,52.0,8160,8480,320,posterior_alpha_mean_psd,V^2/Hz,8.134454191947062e-10
1,2,baseline_eyes_closed,win-2s_step-0p5s,2.0,0.5,0.75,3,103,51.5,53.5,52.5,8240,8560,320,posterior_alpha_mean_psd,V^2/Hz,1.0085222183026968e-09
1,2,baseline_eyes_closed,win-2s_step-0p5s,2.0,0.5,0.75,3,104,52.0,54.0,53.0,8320,8640,320,posterior_alpha_mean_psd,V^2/Hz,6.827763821856042e-10
1,2,baseline_eyes_closed,win-2s_step-0p5s,2.0,0.5,0.75,3,105,52.5,54.5,53.5,8400,8720,320,posterior_alpha_mean_psd,V^2/Hz,6.58888243990513e-10
1,2,baseline_eyes_closed,win-2s_step-0p5s,2.0,0.5,0.75,3,106,53.0,55.0,54.0,8480,8800,320,posterior_alpha_mean_psd,V^2/Hz,2.9786114498442003e-10
1,2,baseline_eyes_closed,win-2s_step-0p5s,2.0,0.5,0.75,3,107,53.5,55.5,54.5,8560,8880,320,posterior_alpha_mean_psd,V^2/Hz,3.8467392102857843e-10
1,2,baseline_eyes_closed,win-2s_step-0p5s,2.0,0.5,0.75,3,108,54.0,56.0,55.0,8640,8960,320,posterior_alpha_mean_psd,V^2/Hz,5.1547767330966e-10
1,2,baseline_eyes_closed,win-2s_step-0p5s,2.0,0.5,0.75,3,109,54.5,56.5,55.5,8720,9040,320,posterior_alpha_mean_psd,V^2/Hz,5.448110046116658e-10
1,2,baseline_eyes_closed,win-2s_step-0p5s,2.0,0.5,0.75,3,110,55.0,57.0,56.0,8800,9120,320,posterior_alpha_mean_psd,V^2/Hz,7.41497608551192e-10
1,2,baseline_eyes_closed,win-2s_step-0p5s,2.0,0.5,0.75,3,111,55.5,57.5,56.5,8880,9200,320,posterior_alpha_mean_psd,V^2/Hz,8.106839427124011e-10
1,2,baseline_eyes_closed,win-2s_step-0p5s,2.0,0.5,0.75,3,112,56.0,58.0,57.0,8960,9280,320,posterior_alpha_mean_psd,V^2/Hz,9.722727622657564e-10
1,2,baseline_eyes_closed,win-2s_step-0p5s,2.0,0.5,0.75,3,113,56.5,58.5,57.5,9040,9360,320,posterior_alpha_mean_psd,V^2/Hz,8.070953811777271e-10
1,2,baseline_eyes_closed,win-2s_step-0p5s,2.0,0.5,0.75,3,114,57.0,59.0,58.0,9120,9440,320,posterior_alpha_mean_psd,V^2/Hz,8.298304406235723e-10
1,2,baseline_eyes_closed,win-2s_step-0p5s,2.0,0.5,0.75,3,115,57.5,59.5,58.5,9200,9520,320,posterior_alpha_mean_psd,V^2/Hz,1.1123049720319927e-09
1,2,baseline_eyes_closed,win-2s_step-0p5s,2.0,0.5,0.75,3,116,58.0,60.0,59.0,9280,9600,320,posterior_alpha_mean_psd,V^2/Hz,1.024777586324378e-09
1,1,baseline_eyes_open,win-2s_step-2s,2.0,2.0,0.0,3,0,0.0,2.0,1.0,0,320,320,posterior_alpha_mean_psd,V^2/Hz,7.309492750606161e-11
1,1,baseline_eyes_open,win-2s_step-2s,2.0,2.0,0.0,3,1,2.0,4.0,3.0,320,640,320,posterior_alpha_mean_psd,V^2/Hz,2.8152674949028582e-11
1,1,baseline_eyes_open,win-2s_step-2s,2.0,2.0,0.0,3,2,4.0,6.0,5.0,640,960,320,posterior_alpha_mean_psd,V^2/Hz,2.1689787465987362e-11
1,1,baseline_eyes_open,win-2s_step-2s,2.0,2.0,0.0,3,3,6.0,8.0,7.0,960,1280,320,posterior_alpha_mean_psd,V^2/Hz,3.1123521575349794e-11
1,1,baseline_eyes_open,win-2s_step-2s,2.0,2.0,0.0,3,4,8.0,10.0,9.0,1280,1600,320,posterior_alpha_mean_psd,V^2/Hz,2.4401089793044623e-11
1,1,baseline_eyes_open,win-2s_step-2s,2.0,2.0,0.0,3,5,10.0,12.0,11.0,1600,1920,320,posterior_alpha_mean_psd,V^2/Hz,2.8729685946630585e-11
1,1,baseline_eyes_open,win-2s_step-2s,2.0,2.0,0.0,3,6,12.0,14.0,13.0,1920,2240,320,posterior_alpha_mean_psd,V^2/Hz,3.113363468015894e-11
1,1,baseline_eyes_open,win-2s_step-2s,2.0,2.0,0.0,3,7,14.0,16.0,15.0,2240,2560,320,posterior_alpha_mean_psd,V^2/Hz,3.252209914943961e-11
1,1,baseline_eyes_open,win-2s_step-2s,2.0,2.0,0.0,3,8,16.0,18.0,17.0,2560,2880,320,posterior_alpha_mean_psd,V^2/Hz,5.304498565775396e-11
1,1,baseline_eyes_open,win-2s_step-2s,2.0,2.0,0.0,3,9,18.0,20.0,19.0,2880,3200,320,posterior_alpha_mean_psd,V^2/Hz,4.6590219490905115e-11
1,1,baseline_eyes_open,win-2s_step-2s,2.0,2.0,0.0,3,10,20.0,22.0,21.0,3200,3520,320,posterior_alpha_mean_psd,V^2/Hz,3.57952984169865e-11
1,1,baseline_eyes_open,win-2s_step-2s,2.0,2.0,0.0,3,11,22.0,24.0,23.0,3520,3840,320,posterior_alpha_mean_psd,V^2/Hz,3.5028042079973393e-11
1,1,baseline_eyes_open,win-2s_step-2s,2.0,2.0,0.0,3,12,24.0,26.0,25.0,3840,4160,320,posterior_alpha_mean_psd,V^2/Hz,2.2324590666677288e-10
1,1,baseline_eyes_open,win-2s_step-2s,2.0,2.0,0.0,3,13,26.0,28.0,27.0,4160,4480,320,posterior_alpha_mean_psd,V^2/Hz,5.6201174431403715e-11
1,1,baseline_eyes_open,win-2s_step-2s,2.0,2.0,0.0,3,14,28.0,30.0,29.0,4480,4800,320,posterior_alpha_mean_psd,V^2/Hz,7.183756823186374e-11
1,1,baseline_eyes_open,win-2s_step-2s,2.0,2.0,0.0,3,15,30.0,32.0,31.0,4800,5120,320,posterior_alpha_mean_psd,V^2/Hz,4.227431001468556e-11
1,1,baseline_eyes_open,win-2s_step-2s,2.0,2.0,0.0,3,16,32.0,34.0,33.0,5120,5440,320,posterior_alpha_mean_psd,V^2/Hz,3.996241005951425e-11
1,1,baseline_eyes_open,win-2s_step-2s,2.0,2.0,0.0,3,17,34.0,36.0,35.0,5440,5760,320,posterior_alpha_mean_psd,V^2/Hz,2.5048212188368973e-11
1,1,baseline_eyes_open,win-2s_step-2s,2.0,2.0,0.0,3,18,36.0,38.0,37.0,5760,6080,320,posterior_alpha_mean_psd,V^2/Hz,3.194172801537068e-11
1,1,baseline_eyes_open,win-2s_step-2s,2.0,2.0,0.0,3,19,38.0,40.0,39.0,6080,6400,320,posterior_alpha_mean_psd,V^2/Hz,8.266677780804465e-11
1,1,baseline_eyes_open,win-2s_step-2s,2.0,2.0,0.0,3,20,40.0,42.0,41.0,6400,6720,320,posterior_alpha_mean_psd,V^2/Hz,7.570607472829475e-11
1,1,baseline_eyes_open,win-2s_step-2s,2.0,2.0,0.0,3,21,42.0,44.0,43.0,6720,7040,320,posterior_alpha_mean_psd,V^2/Hz,4.425320605324195e-11
1,1,baseline_eyes_open,win-2s_step-2s,2.0,2.0,0.0,3,22,44.0,46.0,45.0,7040,7360,320,posterior_alpha_mean_psd,V^2/Hz,6.55935563093422e-11
1,1,baseline_eyes_open,win-2s_step-2s,2.0,2.0,0.0,3,23,46.0,48.0,47.0,7360,7680,320,posterior_alpha_mean_psd,V^2/Hz,8.304990547928864e-11
1,1,baseline_eyes_open,win-2s_step-2s,2.0,2.0,0.0,3,24,48.0,50.0,49.0,7680,8000,320,posterior_alpha_mean_psd,V^2/Hz,4.2721571244968043e-11
1,1,baseline_eyes_open,win-2s_step-2s,2.0,2.0,0.0,3,25,50.0,52.0,51.0,8000,8320,320,posterior_alpha_mean_psd,V^2/Hz,2.7317217286231865e-11
1,1,baseline_eyes_open,win-2s_step-2s,2.0,2.0,0.0,3,26,52.0,54.0,53.0,8320,8640,320,posterior_alpha_mean_psd,V^2/Hz,1.7898612093770963e-11
1,1,baseline_eyes_open,win-2s_step-2s,2.0,2.0,0.0,3,27,54.0,56.0,55.0,8640,8960,320,posterior_alpha_mean_psd,V^2/Hz,3.009575341874941e-11
1,1,baseline_eyes_open,win-2s_step-2s,2.0,2.0,0.0,3,28,56.0,58.0,57.0,8960,9280,320,posterior_alpha_mean_psd,V^2/Hz,4.783569606609416e-11
1,1,baseline_eyes_open,win-2s_step-2s,2.0,2.0,0.0,3,29,58.0,60.0,59.0,9280,9600,320,posterior_alpha_mean_psd,V^2/Hz,5.843671409417565e-11
1,2,baseline_eyes_closed,win-2s_step-2s,2.0,2.0,0.0,3,0,0.0,2.0,1.0,0,320,320,posterior_alpha_mean_psd,V^2/Hz,4.2916755355036793e-10
1,2,baseline_eyes_closed,win-2s_step-2s,2.0,2.0,0.0,3,1,2.0,4.0,3.0,320,640,320,posterior_alpha_mean_psd,V^2/Hz,2.5595067105345723e-10
1,2,baseline_eyes_closed,win-2s_step-2s,2.0,2.0,0.0,3,2,4.0,6.0,5.0,640,960,320,posterior_alpha_mean_psd,V^2/Hz,1.604935123900181e-10
1,2,baseline_eyes_closed,win-2s_step-2s,2.0,2.0,0.0,3,3,6.0,8.0,7.0,960,1280,320,posterior_alpha_mean_psd,V^2/Hz,2.496702511753018e-10
1,2,baseline_eyes_closed,win-2s_step-2s,2.0,2.0,0.0,3,4,8.0,10.0,9.0,1280,1600,320,posterior_alpha_mean_psd,V^2/Hz,4.064612839407884e-10
1,2,baseline_eyes_closed,win-2s_step-2s,2.0,2.0,0.0,3,5,10.0,12.0,11.0,1600,1920,320,posterior_alpha_mean_psd,V^2/Hz,3.91968184503194e-10
1,2,baseline_eyes_closed,win-2s_step-2s,2.0,2.0,0.0,3,6,12.0,14.0,13.0,1920,2240,320,posterior_alpha_mean_psd,V^2/Hz,3.291174458083052e-10
1,2,baseline_eyes_closed,win-2s_step-2s,2.0,2.0,0.0,3,7,14.0,16.0,15.0,2240,2560,320,posterior_alpha_mean_psd,V^2/Hz,4.57740031650973e-10
1,2,baseline_eyes_closed,win-2s_step-2s,2.0,2.0,0.0,3,8,16.0,18.0,17.0,2560,2880,320,posterior_alpha_mean_psd,V^2/Hz,4.0801593611763825e-10
1,2,baseline_eyes_closed,win-2s_step-2s,2.0,2.0,0.0,3,9,18.0,20.0,19.0,2880,3200,320,posterior_alpha_mean_psd,V^2/Hz,4.837383549996996e-10
1,2,baseline_eyes_closed,win-2s_step-2s,2.0,2.0,0.0,3,10,20.0,22.0,21.0,3200,3520,320,posterior_alpha_mean_psd,V^2/Hz,4.147547405728506e-10
1,2,baseline_eyes_closed,win-2s_step-2s,2.0,2.0,0.0,3,11,22.0,24.0,23.0,3520,3840,320,posterior_alpha_mean_psd,V^2/Hz,6.602206671895991e-10
1,2,baseline_eyes_closed,win-2s_step-2s,2.0,2.0,0.0,3,12,24.0,26.0,25.0,3840,4160,320,posterior_alpha_mean_psd,V^2/Hz,5.787210202493262e-10
1,2,baseline_eyes_closed,win-2s_step-2s,2.0,2.0,0.0,3,13,26.0,28.0,27.0,4160,4480,320,posterior_alpha_mean_psd,V^2/Hz,7.232185410106892e-10
1,2,baseline_eyes_closed,win-2s_step-2s,2.0,2.0,0.0,3,14,28.0,30.0,29.0,4480,4800,320,posterior_alpha_mean_psd,V^2/Hz,7.072926861239779e-10
1,2,baseline_eyes_closed,win-2s_step-2s,2.0,2.0,0.0,3,15,30.0,32.0,31.0,4800,5120,320,posterior_alpha_mean_psd,V^2/Hz,7.383338855642272e-10
1,2,baseline_eyes_closed,win-2s_step-2s,2.0,2.0,0.0,3,16,32.0,34.0,33.0,5120,5440,320,posterior_alpha_mean_psd,V^2/Hz,2.519217703725816e-10
1,2,baseline_eyes_closed,win-2s_step-2s,2.0,2.0,0.0,3,17,34.0,36.0,35.0,5440,5760,320,posterior_alpha_mean_psd,V^2/Hz,5.832167315531251e-10
1,2,baseline_eyes_closed,win-2s_step-2s,2.0,2.0,0.0,3,18,36.0,38.0,37.0,5760,6080,320,posterior_alpha_mean_psd,V^2/Hz,3.72063011557295e-10
1,2,baseline_eyes_closed,win-2s_step-2s,2.0,2.0,0.0,3,19,38.0,40.0,39.0,6080,6400,320,posterior_alpha_mean_psd,V^2/Hz,5.269474959326561e-10
1,2,baseline_eyes_closed,win-2s_step-2s,2.0,2.0,0.0,3,20,40.0,42.0,41.0,6400,6720,320,posterior_alpha_mean_psd,V^2/Hz,6.327429691884095e-10
1,2,baseline_eyes_closed,win-2s_step-2s,2.0,2.0,0.0,3,21,42.0,44.0,43.0,6720,7040,320,posterior_alpha_mean_psd,V^2/Hz,9.84100124135573e-10
1,2,baseline_eyes_closed,win-2s_step-2s,2.0,2.0,0.0,3,22,44.0,46.0,45.0,7040,7360,320,posterior_alpha_mean_psd,V^2/Hz,4.2267578401317304e-10
1,2,baseline_eyes_closed,win-2s_step-2s,2.0,2.0,0.0,3,23,46.0,48.0,47.0,7360,7680,320,posterior_alpha_mean_psd,V^2/Hz,3.4919124949300497e-10
1,2,baseline_eyes_closed,win-2s_step-2s,2.0,2.0,0.0,3,24,48.0,50.0,49.0,7680,8000,320,posterior_alpha_mean_psd,V^2/Hz,8.037948884203086e-10
1,2,baseline_eyes_closed,win-2s_step-2s,2.0,2.0,0.0,3,25,50.0,52.0,51.0,8000,8320,320,posterior_alpha_mean_psd,V^2/Hz,1.0632212692942622e-09
1,2,baseline_eyes_closed,win-2s_step-2s,2.0,2.0,0.0,3,26,52.0,54.0,53.0,8320,8640,320,posterior_alpha_mean_psd,V^2/Hz,6.827763821856042e-10
1,2,baseline_eyes_closed,win-2s_step-2s,2.0,2.0,0.0,3,27,54.0,56.0,55.0,8640,8960,320,posterior_alpha_mean_psd,V^2/Hz,5.1547767330966e-10
1,2,baseline_eyes_closed,win-2s_step-2s,2.0,2.0,0.0,3,28,56.0,58.0,57.0,8960,9280,320,posterior_alpha_mean_psd,V^2/Hz,9.722727622657564e-10
1,2,baseline_eyes_closed,win-2s_step-2s,2.0,2.0,0.0,3,29,58.0,60.0,59.0,9280,9600,320,posterior_alpha_mean_psd,V^2/Hz,1.024777586324378e-09
